,first_guess,target_word,first_guess_vowels,first_guess_consonants,target_vowels,target_consonants,target_entropy,first_guess_entropy,target_guessed,mid_guesses_avg_vows,mid_guesses_avg_cons,avg_perf_letters,avg_wrong_pos_letters,avg_wrong_letters,avg_remaining,avg_intermediate_guess_entropy,luck,bias,valid_success,num_guesses
0,wince,caper,2.0,3.0,2.0,3.0,82.2,58.54,True,2.0,3.0,4.0,4.0,7.0,26.0,86.18,0.78,entropy,True,3.0
1,wince,enemy,2.0,3.0,3.0,2.0,40.81,58.54,True,2.25,2.75,1.0,11.0,18.0,28.33,89.63,0.69,entropy,True,4.0
2,wince,sever,2.0,3.0,2.0,3.0,52.95,58.54,True,2.0,3.0,4.0,13.0,31.0,83.25,91.71,0.6,entropy,True,5.0
3,wince,preen,2.0,3.0,2.0,3.0,56.29,58.54,True,2.0,3.0,1.0,6.0,8.0,36.5,86.18,0.78,entropy,True,3.0
4,wince,blame,2.0,3.0,2.0,3.0,69.62,58.54,True,2.2,2.8,6.0,7.0,31.0,63.25,91.71,0.6,entropy,True,5.0
5,wince,skunk,2.0,3.0,1.0,4.0,22.6,58.54,True,1.33,3.67,10.0,13.0,43.0,24.0,93.09,0.52,entropy,True,6.0
6,wince,weedy,2.0,3.0,3.0,2.0,31.84,58.54,True,2.0,3.0,4.0,5.0,18.0,5.67,89.63,0.69,entropy,True,4.0
7,wince,augur,2.0,3.0,3.0,2.0,43.95,58.54,True,2.25,2.75,1.0,6.0,23.0,151.67,89.63,0.69,entropy,True,4.0
8,wince,lurid,2.0,3.0,2.0,3.0,58.61,58.54,True,2.33,2.67,1.0,3.0,11.0,66.0,86.18,0.78,entropy,True,3.0
9,wince,piggy,2.0,3.0,2.0,3.0,18.04,58.54,True,2.0,3.0,5.0,2.0,37.0,24.5,91.71,0.6,entropy,True,5.0
10,wince,agape,2.0,3.0,3.0,2.0,50.8,58.54,True,2.5,2.5,5.0,1.0,20.0,72.67,89.63,0.69,entropy,True,4.0
11,wince,terse,2.0,3.0,2.0,3.0,69.96,58.54,True,2.25,2.75,6.0,2.0,18.0,71.33,89.63,0.69,entropy,True,4.0
12,wince,grave,2.0,3.0,2.0,3.0,70.92,58.54,True,2.2,2.8,10.0,3.0,27.0,56.75,91.71,0.6,entropy,True,5.0
13,wince,atone,2.0,3.0,3.0,2.0,91.51,58.54,True,2.33,2.67,2.0,4.0,8.0,14.0,86.18,0.78,entropy,True,3.0
14,wince,amend,2.0,3.0,2.0,3.0,68.7,58.54,True,2.0,3.0,3.0,12.0,15.0,26.0,89.63,0.69,entropy,True,4.0
15,wince,bleed,2.0,3.0,2.0,3.0,43.06,58.54,True,2.0,3.0,6.0,5.0,33.0,75.5,91.71,0.6,entropy,True,5.0
16,wince,viola,2.0,3.0,3.0,2.0,62.26,58.54,True,2.33,2.67,2.0,2.0,10.0,39.5,86.18,0.78,entropy,True,3.0
17,wince,rhino,2.0,3.0,2.0,3.0,62.67,58.54,True,2.0,3.0,0.0,7.0,8.0,38.5,86.18,0.78,entropy,True,3.0
18,wince,hilly,2.0,3.0,2.0,3.0,30.69,58.54,True,2.0,3.0,9.0,3.0,30.0,23.25,91.71,0.6,entropy,True,5.0
19,wince,usurp,2.0,3.0,2.0,3.0,36.82,58.54,True,2.0,3.0,0.0,7.0,23.0,149.67,89.63,0.69,entropy,True,4.0
20,wince,cough,2.0,3.0,2.0,3.0,36.41,58.54,True,2.0,3.0,1.0,9.0,20.0,34.33,89.63,0.69,entropy,True,4.0
21,wince,mamma,2.0,3.0,2.0,3.0,3.92,58.54,True,2.0,3.0,2.0,3.0,43.0,119.0,91.71,0.6,entropy,True,5.0
22,wince,ounce,2.0,3.0,3.0,2.0,69.08,58.54,True,2.33,2.67,6.0,0.0,6.0,6.0,86.18,0.78,entropy,True,3.0
23,wince,abuse,2.0,3.0,3.0,2.0,72.86,58.54,True,2.75,2.25,8.0,0.0,17.0,70.67,89.63,0.69,entropy,True,4.0
24,wince,apple,2.0,3.0,2.0,3.0,62.87,58.54,True,2.25,2.75,7.0,0.0,19.0,72.67,89.63,0.69,entropy,True,4.0
25,wince,scout,2.0,3.0,2.0,3.0,57.31,58.54,True,2.0,3.0,1.0,4.0,10.0,48.0,86.18,0.78,entropy,True,3.0
26,wince,trial,2.0,3.0,2.0,3.0,83.53,58.54,True,2.33,2.67,0.0,6.0,9.0,65.5,86.18,0.78,entropy,True,3.0
27,wince,hatch,2.0,3.0,1.0,4.0,41.56,58.54,True,1.25,3.75,23.0,7.0,54.0,10.43,94.82,0.34,entropy,False,8.0
28,wince,spree,2.0,3.0,2.0,3.0,59.32,58.54,True,2.25,2.75,5.0,4.0,18.0,71.0,89.63,0.69,entropy,True,4.0
29,thyme,salvo,2.0,3.0,2.0,3.0,62.39,56.84,True,2.0,3.0,5.0,5.0,18.0,134.33,89.21,0.69,entropy,True,4.0
30,thyme,ether,2.0,3.0,2.0,3.0,61.47,56.84,True,2.0,3.0,6.0,13.0,9.0,6.33,89.21,0.69,entropy,True,4.0
31,thyme,punch,2.0,3.0,1.0,4.0,32.83,56.84,True,1.5,3.5,6.0,3.0,19.0,23.0,89.21,0.69,entropy,True,4.0
32,thyme,blurt,2.0,3.0,1.0,4.0,57.01,56.84,True,1.5,3.5,4.0,5.0,20.0,61.0,89.21,0.69,entropy,True,4.0
33,thyme,retry,2.0,3.0,2.0,3.0,62.53,56.84,True,2.5,2.5,3.0,14.0,12.0,5.0,89.21,0.69,entropy,True,4.0
34,thyme,scoop,2.0,3.0,2.0,3.0,32.83,56.84,True,2.0,3.0,4.0,2.0,23.0,136.67,89.21,0.69,entropy,True,4.0
35,thyme,camel,2.0,3.0,2.0,3.0,75.38,56.84,True,2.0,3.0,0.0,8.0,7.0,22.0,85.61,0.78,entropy,True,3.0
36,thyme,metal,2.0,3.0,2.0,3.0,82.88,56.84,True,2.0,3.0,0.0,3.0,2.0,11.0,78.42,0.86,entropy,True,2.0
37,thyme,tulle,2.0,3.0,2.0,3.0,58.54,56.84,True,2.0,3.0,7.0,0.0,17.0,9.33,89.21,0.69,entropy,True,4.0
38,thyme,plumb,2.0,3.0,1.0,4.0,29.22,56.84,True,1.33,3.67,3.0,1.0,10.0,14.5,85.61,0.78,entropy,True,3.0
39,thyme,cacti,2.0,3.0,2.0,3.0,49.95,56.84,True,2.0,3.0,0.0,11.0,19.0,61.0,89.21,0.69,entropy,True,4.0
40,thyme,plane,2.0,3.0,2.0,3.0,79.78,56.84,True,2.25,2.75,3.0,5.0,19.0,98.0,89.21,0.69,entropy,True,4.0
41,thyme,train,2.0,3.0,2.0,3.0,79.27,56.84,True,2.0,3.0,5.0,0.0,9.0,25.0,85.61,0.78,entropy,True,3.0
42,thyme,annex,2.0,3.0,2.0,3.0,48.86,56.84,True,2.25,2.75,4.0,8.0,17.0,91.67,89.21,0.69,entropy,True,4.0
43,thyme,rowdy,2.0,3.0,2.0,3.0,44.29,56.84,True,2.25,2.75,3.0,6.0,20.0,63.0,89.21,0.69,entropy,True,4.0
44,thyme,vigor,2.0,3.0,2.0,3.0,47.9,56.84,True,2.0,3.0,1.0,1.0,13.0,203.0,85.61,0.78,entropy,True,3.0
45,thyme,guava,2.0,3.0,3.0,2.0,21.99,56.84,True,2.25,2.75,0.0,3.0,27.0,138.67,89.21,0.69,entropy,True,4.0
46,thyme,talon,2.0,3.0,2.0,3.0,76.41,56.84,True,2.0,3.0,2.0,2.0,10.0,24.5,85.61,0.78,entropy,True,3.0
47,thyme,verge,2.0,3.0,2.0,3.0,42.14,56.84,True,2.2,2.8,6.0,5.0,33.0,71.25,91.37,0.6,entropy,True,5.0
48,thyme,furor,2.0,3.0,2.0,3.0,35.05,56.84,True,2.0,3.0,3.0,2.0,24.0,136.0,89.21,0.69,entropy,True,4.0
49,thyme,tiger,2.0,3.0,2.0,3.0,78.96,56.84,True,2.0,3.0,4.0,8.0,15.0,9.0,89.21,0.69,entropy,True,4.0
50,thyme,rocky,2.0,3.0,2.0,3.0,47.19,56.84,True,2.25,2.75,3.0,7.0,19.0,63.0,89.21,0.69,entropy,True,4.0
51,thyme,ester,2.0,3.0,2.0,3.0,69.96,56.84,True,1.75,3.25,0.0,16.0,14.0,42.0,89.21,0.69,entropy,True,4.0
52,thyme,night,2.0,3.0,1.0,4.0,44.56,56.84,True,1.4,3.6,8.0,14.0,24.0,15.0,91.37,0.6,entropy,True,5.0
53,thyme,fecal,2.0,3.0,2.0,3.0,72.79,56.84,True,2.0,3.0,7.0,3.0,17.0,92.33,89.21,0.69,entropy,True,4.0
54,thyme,bayou,2.0,3.0,4.0,1.0,51.38,56.84,True,3.0,2.0,2.0,2.0,10.0,6.5,85.61,0.78,entropy,True,3.0
55,thyme,upper,2.0,3.0,2.0,3.0,53.19,56.84,True,2.0,3.0,5.0,12.0,31.0,82.25,91.37,0.6,entropy,True,5.0
56,thyme,phase,2.0,3.0,2.0,3.0,73.07,56.84,True,2.0,3.0,9.0,2.0,12.0,9.33,89.21,0.69,entropy,True,4.0
57,thyme,growl,2.0,3.0,1.0,4.0,50.49,56.84,True,1.6,3.4,7.0,9.0,31.0,102.5,91.37,0.6,entropy,True,5.0
58,thyme,suave,2.0,3.0,3.0,2.0,69.08,56.84,True,2.33,2.67,11.0,8.0,40.0,55.8,92.81,0.52,entropy,True,6.0
59,mower,viola,2.0,3.0,3.0,2.0,62.26,65.84,True,2.4,2.6,2.0,19.0,28.0,32.5,93.17,0.6,entropy,True,5.0
60,mower,randy,2.0,3.0,2.0,3.0,62.02,65.84,True,2.0,3.0,1.0,9.0,20.0,67.33,91.46,0.68,entropy,True,4.0
61,mower,baron,2.0,3.0,2.0,3.0,68.46,65.84,True,2.25,2.75,4.0,10.0,15.0,24.33,91.46,0.68,entropy,True,4.0
62,mower,ratio,2.0,3.0,3.0,2.0,84.59,65.84,True,2.5,2.5,0.0,2.0,3.0,70.0,82.92,0.86,entropy,True,2.0
63,mower,denim,2.0,3.0,2.0,3.0,59.73,65.84,True,2.0,3.0,1.0,5.0,9.0,15.0,88.61,0.77,entropy,True,3.0
64,mower,fling,2.0,3.0,1.0,4.0,39.52,65.84,True,1.25,3.75,6.0,0.0,22.0,145.0,91.46,0.68,entropy,True,4.0
65,mower,droit,2.0,3.0,2.0,3.0,67.41,65.84,True,2.33,2.67,1.0,7.0,7.0,36.0,88.61,0.77,entropy,True,3.0
66,mower,knock,2.0,3.0,1.0,4.0,25.13,65.84,True,1.8,3.2,1.0,15.0,34.0,32.0,93.17,0.6,entropy,True,5.0
67,mower,unzip,2.0,3.0,2.0,3.0,28.33,65.84,True,1.5,3.5,0.0,5.0,25.0,147.33,91.46,0.68,entropy,True,4.0
68,mower,whisk,2.0,3.0,1.0,4.0,28.84,65.84,True,1.67,3.33,3.0,2.0,10.0,17.0,88.61,0.77,entropy,True,3.0
69,mower,plume,2.0,3.0,2.0,3.0,57.25,65.84,True,2.0,3.0,0.0,6.0,9.0,17.0,88.61,0.77,entropy,True,3.0
70,mower,route,2.0,3.0,3.0,2.0,86.09,65.84,True,2.5,2.5,1.0,2.0,2.0,11.0,82.92,0.86,entropy,True,2.0
71,mower,world,2.0,3.0,1.0,4.0,52.95,65.84,True,1.33,3.67,4.0,4.0,6.0,4.0,88.61,0.77,entropy,True,3.0
72,mower,kiosk,2.0,3.0,2.0,3.0,33.92,65.84,True,2.0,3.0,1.0,7.0,22.0,43.0,91.46,0.68,entropy,True,4.0
73,mower,tweed,2.0,3.0,2.0,3.0,40.88,65.84,True,2.0,3.0,2.0,3.0,9.0,6.0,88.61,0.77,entropy,True,3.0
74,mower,tulip,2.0,3.0,2.0,3.0,52.92,65.84,True,1.67,3.33,0.0,2.0,13.0,213.5,88.61,0.77,entropy,True,3.0
75,mower,daddy,2.0,3.0,2.0,3.0,18.65,65.84,True,2.0,3.0,7.0,10.0,55.0,89.0,94.31,0.51,entropy,True,6.0
76,mower,petty,2.0,3.0,2.0,3.0,46.91,65.84,True,1.8,3.2,2.0,17.0,31.0,89.0,93.17,0.6,entropy,True,5.0
77,mower,hasty,2.0,3.0,2.0,3.0,59.94,65.84,True,1.75,3.25,2.0,7.0,21.0,144.67,91.46,0.68,entropy,True,4.0
78,mower,early,2.0,3.0,3.0,2.0,90.96,65.84,True,2.25,2.75,0.0,18.0,12.0,55.0,91.46,0.68,entropy,True,4.0
79,mower,email,2.0,3.0,3.0,2.0,81.18,65.84,True,2.33,2.67,0.0,7.0,8.0,18.5,88.61,0.77,entropy,True,3.0
80,mower,snuck,2.0,3.0,1.0,4.0,36.62,65.84,True,1.33,3.67,1.0,1.0,13.0,214.0,88.61,0.77,entropy,True,3.0
81,mower,canal,2.0,3.0,2.0,3.0,46.68,65.84,True,2.0,3.0,1.0,8.0,21.0,145.33,91.46,0.68,entropy,True,4.0
82,mower,lathe,2.0,3.0,2.0,3.0,84.96,65.84,True,2.0,3.0,1.0,5.0,9.0,166.5,88.61,0.77,entropy,True,3.0
83,mower,defer,2.0,3.0,2.0,3.0,46.85,65.84,True,2.0,3.0,11.0,1.0,43.0,30.8,94.31,0.51,entropy,True,6.0
84,mower,loopy,2.0,3.0,3.0,2.0,32.53,65.84,True,2.4,2.6,5.0,7.0,32.0,32.5,93.17,0.6,entropy,True,5.0
85,mower,fancy,2.0,3.0,2.0,3.0,44.73,65.84,True,1.8,3.2,5.0,9.0,34.0,109.25,93.17,0.6,entropy,True,5.0
86,mower,verso,2.0,3.0,2.0,3.0,75.18,65.84,True,2.33,2.67,1.0,9.0,5.0,14.5,88.61,0.77,entropy,True,3.0
87,mower,feign,2.0,3.0,2.0,3.0,54.65,65.84,True,2.2,2.8,5.0,13.0,31.0,88.75,93.17,0.6,entropy,True,5.0
88,mower,gnash,2.0,3.0,1.0,4.0,51.96,65.84,True,1.33,3.67,1.0,2.0,12.0,213.0,88.61,0.77,entropy,True,3.0
89,horde,embed,2.0,3.0,2.0,3.0,31.26,73.78,True,2.0,3.0,4.0,14.0,30.0,18.0,94.76,0.59,entropy,True,5.0
90,horde,showy,2.0,3.0,2.0,3.0,37.61,73.78,True,1.8,3.2,10.0,8.0,23.0,8.0,94.76,0.59,entropy,True,5.0
91,horde,prime,2.0,3.0,2.0,3.0,68.53,73.78,True,2.2,2.8,9.0,7.0,26.0,20.0,94.76,0.59,entropy,True,5.0
92,horde,rebar,2.0,3.0,2.0,3.0,65.6,73.78,True,2.0,3.0,1.0,14.0,15.0,62.67,93.44,0.68,entropy,True,4.0
93,horde,fjord,2.0,3.0,1.0,4.0,33.62,73.78,True,1.75,3.25,3.0,15.0,12.0,9.33,93.44,0.68,entropy,True,4.0
94,horde,puree,2.0,3.0,3.0,2.0,53.19,73.78,True,2.25,2.75,9.0,0.0,14.0,8.67,93.44,0.68,entropy,True,4.0
95,horde,ninny,2.0,3.0,2.0,3.0,15.0,73.78,True,1.75,3.25,2.0,2.0,25.0,124.67,93.44,0.68,entropy,True,4.0
96,horde,suite,2.0,3.0,3.0,2.0,77.12,73.78,True,2.33,2.67,3.0,1.0,10.0,81.5,91.26,0.76,entropy,True,3.0
97,horde,teary,2.0,3.0,3.0,2.0,91.31,73.78,True,2.33,2.67,1.0,7.0,7.0,84.5,91.26,0.76,entropy,True,3.0
98,horde,dunce,2.0,3.0,2.0,3.0,58.4,73.78,True,2.0,3.0,5.0,2.0,7.0,8.5,91.26,0.76,entropy,True,3.0
99,horde,brisk,2.0,3.0,1.0,4.0,46.4,73.78,True,1.5,3.5,5.0,3.0,20.0,47.33,93.44,0.68,entropy,True,4.0
100,horde,dunes,2.0,3.0,2.0,3.0,64.3,73.78,True,2.0,3.0,1.0,5.0,9.0,28.5,91.26,0.76,entropy,True,3.0
101,horde,blond,2.0,3.0,1.0,4.0,45.96,73.78,True,2.0,3.0,3.0,4.0,8.0,11.0,91.26,0.76,entropy,True,3.0
102,horde,antic,2.0,3.0,2.0,3.0,66.83,73.78,True,1.67,3.33,0.0,3.0,12.0,186.5,91.26,0.76,entropy,True,3.0
103,horde,ladle,2.0,3.0,2.0,3.0,63.59,73.78,True,2.0,3.0,3.0,3.0,8.0,9.0,91.26,0.76,entropy,True,3.0
104,horde,scrum,2.0,3.0,1.0,4.0,49.37,73.78,True,1.5,3.5,5.0,0.0,21.0,14.67,93.44,0.68,entropy,True,4.0
105,horde,shirt,2.0,3.0,1.0,4.0,64.95,73.78,True,1.33,3.67,0.0,8.0,7.0,12.0,91.26,0.76,entropy,True,3.0
106,horde,sheen,2.0,3.0,2.0,3.0,50.36,73.78,True,2.0,3.0,7.0,17.0,23.0,12.0,94.76,0.59,entropy,True,5.0
107,horde,truck,2.0,3.0,1.0,4.0,47.77,73.78,True,1.5,3.5,6.0,3.0,19.0,44.33,93.44,0.68,entropy,True,4.0
108,horde,stiff,2.0,3.0,1.0,4.0,33.79,73.78,True,1.25,3.75,4.0,2.0,23.0,125.0,93.44,0.68,entropy,True,4.0
109,horde,spree,2.0,3.0,2.0,3.0,59.32,73.78,True,2.0,3.0,4.0,2.0,7.0,12.0,91.26,0.76,entropy,True,3.0
110,horde,demur,2.0,3.0,2.0,3.0,63.28,73.78,True,2.0,3.0,1.0,17.0,12.0,16.67,93.44,0.68,entropy,True,4.0
111,horde,envoy,2.0,3.0,3.0,2.0,58.2,73.78,True,2.75,2.25,2.0,14.0,14.0,9.33,93.44,0.68,entropy,True,4.0
112,horde,ninny,2.0,3.0,2.0,3.0,15.0,73.78,True,1.75,3.25,2.0,2.0,25.0,124.67,93.44,0.68,entropy,True,4.0
113,horde,ovary,2.0,3.0,3.0,2.0,60.25,73.78,True,2.4,2.6,1.0,25.0,24.0,23.25,94.76,0.59,entropy,True,5.0
114,horde,vague,2.0,3.0,3.0,2.0,58.27,73.78,True,2.5,2.5,3.0,3.0,21.0,59.0,93.44,0.68,entropy,True,4.0
115,horde,tumor,2.0,3.0,2.0,3.0,59.15,73.78,True,2.0,3.0,0.0,15.0,15.0,31.0,93.44,0.68,entropy,True,4.0
116,horde,rhino,2.0,3.0,2.0,3.0,62.67,73.78,True,1.67,3.33,1.0,8.0,6.0,5.0,91.26,0.76,entropy,True,3.0
117,horde,climb,2.0,3.0,1.0,4.0,38.42,73.78,True,1.33,3.67,1.0,0.0,14.0,190.0,91.26,0.76,entropy,True,3.0
118,horde,bulky,2.0,3.0,2.0,3.0,27.65,73.78,True,1.8,3.2,4.0,6.0,39.0,97.25,94.76,0.59,entropy,True,5.0
119,heard,trice,2.0,3.0,2.0,3.0,83.91,80.33,True,2.0,3.0,0.0,6.0,9.0,88.0,93.44,0.76,entropy,True,3.0
120,heard,grain,2.0,3.0,2.0,3.0,66.86,80.33,True,2.0,3.0,6.0,5.0,16.0,17.33,95.08,0.67,entropy,True,4.0
121,heard,madam,2.0,3.0,2.0,3.0,15.51,80.33,True,2.0,3.0,2.0,4.0,9.0,14.5,93.44,0.76,entropy,True,3.0
122,heard,clink,2.0,3.0,1.0,4.0,43.88,80.33,True,1.5,3.5,4.0,4.0,21.0,102.0,95.08,0.67,entropy,True,4.0
123,heard,credo,2.0,3.0,2.0,3.0,76.41,80.33,True,2.0,3.0,1.0,20.0,9.0,11.0,95.08,0.67,entropy,True,4.0
124,heard,shuck,2.0,3.0,1.0,4.0,31.16,80.33,True,1.5,3.5,3.0,5.0,21.0,34.0,95.08,0.67,entropy,True,4.0
125,heard,dutch,2.0,3.0,1.0,4.0,38.15,80.33,True,1.33,3.67,4.0,4.0,7.0,3.0,93.44,0.76,entropy,True,3.0
126,heard,glory,2.0,3.0,2.0,3.0,57.25,80.33,True,1.67,3.33,3.0,0.0,11.0,16.0,93.44,0.76,entropy,True,3.0
127,heard,marsh,2.0,3.0,1.0,4.0,61.75,80.33,True,1.33,3.67,2.0,7.0,6.0,4.0,93.44,0.76,entropy,True,3.0
128,heard,break,2.0,3.0,2.0,3.0,71.74,80.33,True,2.2,2.8,4.0,25.0,20.0,18.75,96.07,0.58,entropy,True,5.0
129,heard,gully,2.0,3.0,2.0,3.0,22.37,80.33,True,1.8,3.2,3.0,7.0,40.0,79.0,96.07,0.58,entropy,True,5.0
130,heard,clued,2.0,3.0,2.0,3.0,62.67,80.33,True,2.33,2.67,2.0,4.0,8.0,9.5,93.44,0.76,entropy,True,3.0
131,heard,judge,2.0,3.0,2.0,3.0,37.37,80.33,True,2.14,2.86,14.0,25.0,47.0,9.33,97.19,0.41,entropy,False,7.0
132,heard,dizzy,2.0,3.0,2.0,3.0,10.84,80.33,True,2.0,3.0,11.0,5.0,43.0,11.0,96.72,0.5,entropy,True,6.0
133,heard,filet,2.0,3.0,2.0,3.0,71.29,80.33,True,2.0,3.0,3.0,10.0,17.0,69.33,95.08,0.67,entropy,True,4.0
134,heard,clear,2.0,3.0,2.0,3.0,92.5,80.33,True,2.0,3.0,1.0,9.0,5.0,29.5,93.44,0.76,entropy,True,3.0
135,heard,built,2.0,3.0,2.0,3.0,50.36,80.33,True,2.0,3.0,5.0,12.0,32.0,79.25,96.07,0.58,entropy,True,5.0
136,heard,tryst,2.0,3.0,1.0,4.0,46.2,80.33,True,1.67,3.33,1.0,4.0,10.0,62.5,93.44,0.76,entropy,True,3.0
137,heard,poesy,2.0,3.0,3.0,2.0,67.58,80.33,True,2.5,2.5,2.0,11.0,17.0,68.33,95.08,0.67,entropy,True,4.0
138,heard,meaty,2.0,3.0,3.0,2.0,74.19,80.33,True,2.33,2.67,4.0,1.0,8.0,9.0,93.44,0.76,entropy,True,3.0
139,heard,lofty,2.0,3.0,2.0,3.0,49.95,80.33,True,2.0,3.0,1.0,1.0,13.0,150.5,93.44,0.76,entropy,True,3.0
140,heard,moose,2.0,3.0,3.0,2.0,53.6,80.33,True,2.5,2.5,6.0,5.0,17.0,69.0,95.08,0.67,entropy,True,4.0
141,heard,purer,2.0,3.0,2.0,3.0,53.19,80.33,True,2.0,3.0,8.0,13.0,42.0,38.2,96.72,0.5,entropy,True,6.0
142,heard,rocky,2.0,3.0,2.0,3.0,47.19,80.33,True,2.0,3.0,3.0,5.0,21.0,43.33,95.08,0.67,entropy,True,4.0
143,heard,these,2.0,3.0,2.0,3.0,54.96,80.33,True,1.75,3.25,3.0,15.0,12.0,14.67,95.08,0.67,entropy,True,4.0
144,heard,rocky,2.0,3.0,2.0,3.0,47.19,80.33,True,2.0,3.0,3.0,5.0,21.0,43.33,95.08,0.67,entropy,True,4.0
145,heard,fluid,2.0,3.0,2.0,3.0,38.9,80.33,True,2.0,3.0,5.0,4.0,17.0,10.67,95.08,0.67,entropy,True,4.0
146,heard,baton,2.0,3.0,2.0,3.0,63.48,80.33,True,2.0,3.0,3.0,3.0,9.0,98.0,93.44,0.76,entropy,True,3.0
147,heard,piano,2.0,3.0,3.0,2.0,64.37,80.33,True,2.0,3.0,3.0,0.0,11.0,35.0,93.44,0.76,entropy,True,3.0
148,heard,tasty,2.0,3.0,2.0,3.0,48.48,80.33,True,2.0,3.0,4.0,4.0,20.0,68.33,95.08,0.67,entropy,True,4.0
149,tenor,jiffy,2.0,3.0,2.0,3.0,5.63,89.19,True,2.0,3.0,6.0,5.0,55.0,56.4,98.2,0.49,entropy,True,6.0
150,tenor,welsh,2.0,3.0,1.0,4.0,60.31,89.19,True,1.67,3.33,4.0,1.0,9.0,31.5,96.4,0.75,entropy,True,3.0
151,tenor,glint,2.0,3.0,1.0,4.0,54.31,89.19,True,1.33,3.67,3.0,4.0,8.0,21.0,96.4,0.75,entropy,True,3.0
152,tenor,torus,2.0,3.0,2.0,3.0,69.76,89.19,True,2.0,3.0,1.0,2.0,2.0,6.0,94.59,0.84,entropy,True,2.0
153,tenor,slyly,2.0,3.0,2.0,3.0,19.37,89.19,True,1.75,3.25,1.0,5.0,24.0,91.0,97.3,0.66,entropy,True,4.0
154,tenor,juror,2.0,3.0,2.0,3.0,29.08,89.19,True,2.0,3.0,13.0,0.0,41.0,7.4,98.2,0.49,entropy,True,6.0
155,tenor,quake,2.0,3.0,3.0,2.0,51.65,89.19,True,2.5,2.5,3.0,5.0,21.0,64.33,97.3,0.66,entropy,True,4.0
156,tenor,pound,2.0,3.0,2.0,3.0,41.19,89.19,True,2.0,3.0,5.0,8.0,16.0,15.0,97.3,0.66,entropy,True,4.0
157,tenor,flail,2.0,3.0,2.0,3.0,42.28,89.19,True,2.25,2.75,5.0,2.0,21.0,89.0,97.3,0.66,entropy,True,4.0
158,tenor,recut,2.0,3.0,2.0,3.0,77.87,89.19,True,2.0,3.0,4.0,5.0,5.0,6.5,96.4,0.75,entropy,True,3.0
159,tenor,ghost,2.0,3.0,1.0,4.0,50.02,89.19,True,1.75,3.25,2.0,12.0,16.0,27.33,97.3,0.66,entropy,True,4.0
160,tenor,upper,2.0,3.0,2.0,3.0,53.19,89.19,True,2.0,3.0,7.0,7.0,29.0,26.5,97.84,0.58,entropy,True,5.0
161,tenor,alter,2.0,3.0,2.0,3.0,100.0,89.19,True,2.0,3.0,4.0,6.0,4.0,6.0,96.4,0.75,entropy,True,3.0
162,tenor,spool,2.0,3.0,2.0,3.0,39.96,89.19,True,2.0,3.0,2.0,1.0,11.0,16.5,96.4,0.75,entropy,True,3.0
163,tenor,slope,2.0,3.0,2.0,3.0,76.24,89.19,True,2.0,3.0,3.0,5.0,7.0,31.5,96.4,0.75,entropy,True,3.0
164,tenor,tract,2.0,3.0,1.0,4.0,56.6,89.19,True,1.4,3.6,11.0,4.0,23.0,7.5,97.84,0.58,entropy,True,5.0
165,tenor,sperm,2.0,3.0,1.0,4.0,68.67,89.19,True,2.0,3.0,0.0,7.0,8.0,50.5,96.4,0.75,entropy,True,3.0
166,tenor,munch,2.0,3.0,1.0,4.0,31.33,89.19,True,1.5,3.5,6.0,0.0,21.0,18.33,97.3,0.66,entropy,True,4.0
167,tenor,shorn,2.0,3.0,1.0,4.0,62.77,89.19,True,1.67,3.33,3.0,6.0,6.0,13.0,96.4,0.75,entropy,True,3.0
168,tenor,woken,2.0,3.0,2.0,3.0,53.09,89.19,True,2.33,2.67,9.0,30.0,29.0,7.8,98.2,0.49,entropy,True,6.0
169,tenor,beget,2.0,3.0,2.0,3.0,40.98,89.19,True,2.0,3.0,5.0,4.0,17.0,12.33,97.3,0.66,entropy,True,4.0
170,tenor,catty,2.0,3.0,2.0,3.0,42.62,89.19,True,2.0,3.0,3.0,2.0,10.0,53.5,96.4,0.75,entropy,True,3.0
171,tenor,pithy,2.0,3.0,2.0,3.0,41.87,89.19,True,2.0,3.0,3.0,7.0,19.0,35.33,97.3,0.66,entropy,True,4.0
172,tenor,holly,2.0,3.0,2.0,3.0,33.11,89.19,True,2.0,3.0,0.0,5.0,10.0,53.0,96.4,0.75,entropy,True,3.0
173,tenor,wrist,2.0,3.0,1.0,4.0,59.22,89.19,True,1.5,3.5,0.0,14.0,16.0,17.33,97.3,0.66,entropy,True,4.0
174,tenor,stone,2.0,3.0,2.0,3.0,82.68,89.19,True,2.33,2.67,4.0,8.0,3.0,2.5,96.4,0.75,entropy,True,3.0
175,tenor,sworn,2.0,3.0,1.0,4.0,57.04,89.19,True,1.5,3.5,7.0,9.0,11.0,9.0,97.3,0.66,entropy,True,4.0
176,tenor,light,2.0,3.0,1.0,4.0,48.82,89.19,True,1.75,3.25,1.0,10.0,19.0,36.33,97.3,0.66,entropy,True,4.0
177,tenor,stoop,2.0,3.0,2.0,3.0,40.33,89.19,True,2.0,3.0,10.0,10.0,21.0,4.5,97.84,0.58,entropy,True,5.0
178,tenor,enemy,2.0,3.0,3.0,2.0,40.81,89.19,True,2.25,2.75,1.0,11.0,18.0,21.0,97.3,0.66,entropy,True,4.0
179,zonal,gawky,2.0,3.0,2.0,3.0,28.06,56.05,True,2.0,3.0,3.0,10.0,37.0,90.0,91.21,0.61,entropy,True,5.0
180,zonal,bushy,2.0,3.0,2.0,3.0,31.71,56.05,True,2.0,3.0,8.0,3.0,35.0,115.75,91.21,0.61,entropy,True,5.0
181,zonal,louse,2.0,3.0,3.0,2.0,79.2,56.05,True,2.33,2.67,3.0,4.0,7.0,19.0,85.35,0.78,entropy,True,3.0
182,zonal,stoop,2.0,3.0,2.0,3.0,40.33,56.05,True,1.8,3.2,10.0,4.0,27.0,42.25,91.21,0.61,entropy,True,5.0
183,zonal,quack,2.0,3.0,2.0,3.0,29.42,56.05,True,1.75,3.25,2.0,4.0,23.0,113.0,89.01,0.69,entropy,True,4.0
184,zonal,smirk,2.0,3.0,1.0,4.0,47.49,56.05,True,1.5,3.5,5.0,4.0,20.0,150.67,89.01,0.69,entropy,True,4.0
185,zonal,moldy,2.0,3.0,2.0,3.0,42.62,56.05,True,2.0,3.0,4.0,6.0,17.0,17.67,89.01,0.69,entropy,True,4.0
186,zonal,beefy,2.0,3.0,3.0,2.0,29.56,56.05,True,2.2,2.8,4.0,5.0,40.0,116.75,91.21,0.61,entropy,True,5.0
187,zonal,today,2.0,3.0,3.0,2.0,62.39,56.05,True,2.67,2.33,5.0,0.0,8.0,2.0,85.35,0.78,entropy,True,3.0
188,zonal,greet,2.0,3.0,2.0,3.0,59.15,56.05,True,2.0,3.0,2.0,1.0,12.0,225.0,85.35,0.78,entropy,True,3.0
189,zonal,lurid,2.0,3.0,2.0,3.0,58.61,56.05,True,2.0,3.0,3.0,7.0,20.0,62.33,89.01,0.69,entropy,True,4.0
190,zonal,bingo,2.0,3.0,2.0,3.0,42.14,56.05,True,2.0,3.0,6.0,5.0,16.0,4.33,89.01,0.69,entropy,True,4.0
191,zonal,frond,2.0,3.0,1.0,4.0,49.74,56.05,True,1.8,3.2,8.0,14.0,23.0,18.25,91.21,0.61,entropy,True,5.0
192,zonal,naval,2.0,3.0,2.0,3.0,37.13,56.05,True,2.0,3.0,10.0,3.0,9.0,2.0,89.01,0.69,entropy,True,4.0
193,zonal,civic,2.0,3.0,2.0,3.0,4.13,56.05,True,2.0,3.0,5.0,3.0,39.0,116.25,91.21,0.61,entropy,True,5.0
194,zonal,droit,2.0,3.0,2.0,3.0,67.41,56.05,True,2.0,3.0,1.0,4.0,10.0,82.0,85.35,0.78,entropy,True,3.0
195,zonal,pence,2.0,3.0,2.0,3.0,43.88,56.05,True,1.6,3.4,8.0,0.0,33.0,19.0,91.21,0.61,entropy,True,5.0
196,zonal,frill,2.0,3.0,1.0,4.0,39.96,56.05,True,1.33,3.67,12.0,11.0,37.0,11.8,92.67,0.52,entropy,True,6.0
197,zonal,input,2.0,3.0,2.0,3.0,48.69,56.05,True,2.0,3.0,1.0,10.0,19.0,45.0,89.01,0.69,entropy,True,4.0
198,zonal,horde,2.0,3.0,2.0,3.0,73.78,56.05,True,2.25,2.75,7.0,2.0,17.0,46.67,89.01,0.69,entropy,True,4.0
199,zonal,naval,2.0,3.0,2.0,3.0,37.13,56.05,True,2.0,3.0,10.0,3.0,9.0,2.0,89.01,0.69,entropy,True,4.0
200,zonal,vogue,2.0,3.0,3.0,2.0,51.72,56.05,True,2.67,2.33,3.0,1.0,10.0,67.0,85.35,0.78,entropy,True,3.0
201,zonal,sulky,2.0,3.0,2.0,3.0,39.31,56.05,True,2.0,3.0,1.0,3.0,11.0,85.5,85.35,0.78,entropy,True,3.0
202,zonal,spell,2.0,3.0,1.0,4.0,54.01,56.05,True,1.67,3.33,2.0,2.0,10.0,22.5,85.35,0.78,entropy,True,3.0
203,zonal,brine,2.0,3.0,2.0,3.0,73.51,56.05,True,2.0,3.0,4.0,21.0,25.0,34.5,91.21,0.61,entropy,True,5.0
204,zonal,swear,2.0,3.0,2.0,3.0,82.95,56.05,True,2.0,3.0,15.0,4.0,34.0,13.6,92.67,0.52,entropy,True,6.0
205,zonal,cache,2.0,3.0,2.0,3.0,56.32,56.05,True,2.4,2.6,4.0,9.0,34.0,87.25,91.21,0.61,entropy,True,5.0
206,zonal,perch,2.0,3.0,1.0,4.0,64.85,56.05,True,1.75,3.25,1.0,6.0,23.0,157.67,89.01,0.69,entropy,True,4.0
207,zonal,trade,2.0,3.0,2.0,3.0,90.39,56.05,True,2.2,2.8,9.0,12.0,22.0,84.5,91.21,0.61,entropy,True,5.0
208,zonal,brass,2.0,3.0,1.0,4.0,49.23,56.05,True,1.4,3.6,7.0,10.0,28.0,85.0,91.21,0.61,entropy,True,5.0
209,parry,labor,2.0,3.0,2.0,3.0,72.69,44.36,True,2.0,3.0,4.0,4.0,6.0,20.5,81.45,0.79,entropy,True,3.0
210,parry,blimp,2.0,3.0,1.0,4.0,35.22,44.36,True,1.67,3.33,1.0,3.0,9.0,39.0,81.45,0.79,entropy,True,3.0
211,parry,grove,2.0,3.0,2.0,3.0,64.37,44.36,True,2.0,3.0,10.0,22.0,34.0,57.2,90.73,0.53,entropy,True,6.0
212,parry,realm,2.0,3.0,2.0,3.0,87.83,44.36,True,2.0,3.0,2.0,19.0,9.0,42.33,86.09,0.7,entropy,True,4.0
213,parry,comic,2.0,3.0,2.0,3.0,31.23,44.36,True,2.0,3.0,0.0,4.0,23.0,202.67,86.09,0.7,entropy,True,4.0
214,parry,fecal,2.0,3.0,2.0,3.0,72.79,44.36,True,2.0,3.0,6.0,5.0,14.0,99.67,86.09,0.7,entropy,True,4.0
215,parry,inter,2.0,3.0,2.0,3.0,86.77,44.36,True,2.0,3.0,2.0,4.0,9.0,151.0,81.45,0.79,entropy,True,3.0
216,parry,cheap,2.0,3.0,2.0,3.0,67.17,44.36,True,2.0,3.0,2.0,13.0,12.0,11.0,86.09,0.7,entropy,True,4.0
217,parry,slave,2.0,3.0,2.0,3.0,76.44,44.36,True,2.0,3.0,4.0,10.0,12.0,99.0,86.09,0.7,entropy,True,4.0
218,parry,verge,2.0,3.0,2.0,3.0,42.14,44.36,True,2.0,3.0,6.0,8.0,29.0,22.0,88.87,0.62,entropy,True,5.0
219,parry,mambo,2.0,3.0,2.0,3.0,34.44,44.36,True,2.0,3.0,5.0,0.0,19.0,49.33,86.09,0.7,entropy,True,4.0
220,parry,brake,2.0,3.0,2.0,3.0,71.74,44.36,True,2.14,2.86,12.0,35.0,40.0,27.0,92.05,0.44,entropy,False,7.0
221,parry,flown,2.0,3.0,1.0,4.0,38.56,44.36,True,1.6,3.4,7.0,3.0,32.0,149.0,88.87,0.62,entropy,True,5.0
222,parry,relax,2.0,3.0,2.0,3.0,79.54,44.36,True,2.0,3.0,3.0,18.0,9.0,42.33,86.09,0.7,entropy,True,4.0
223,parry,awake,2.0,3.0,3.0,2.0,42.72,44.36,True,2.5,2.5,2.0,7.0,18.0,105.67,86.09,0.7,entropy,True,4.0
224,parry,queer,2.0,3.0,3.0,2.0,43.2,44.36,True,2.2,2.8,7.0,8.0,29.0,78.5,88.87,0.62,entropy,True,5.0
225,parry,scoff,2.0,3.0,1.0,4.0,28.74,44.36,True,1.4,3.6,6.0,1.0,33.0,146.75,88.87,0.62,entropy,True,5.0
226,parry,gumbo,2.0,3.0,2.0,3.0,28.57,44.36,True,2.0,3.0,1.0,3.0,23.0,202.67,86.09,0.7,entropy,True,4.0
227,parry,plait,2.0,3.0,2.0,3.0,67.88,44.36,True,2.0,3.0,4.0,3.0,5.0,12.5,81.45,0.79,entropy,True,3.0
228,parry,stave,2.0,3.0,2.0,3.0,76.78,44.36,True,2.0,3.0,10.0,10.0,18.0,75.5,88.87,0.62,entropy,True,5.0
229,parry,waste,2.0,3.0,2.0,3.0,78.01,44.36,True,2.0,3.0,13.0,0.0,18.0,34.75,88.87,0.62,entropy,True,5.0
230,parry,minor,2.0,3.0,2.0,3.0,60.59,44.36,True,2.0,3.0,1.0,5.0,9.0,136.0,81.45,0.79,entropy,True,3.0
231,parry,modem,2.0,3.0,2.0,3.0,45.24,44.36,True,2.0,3.0,0.0,8.0,19.0,196.67,86.09,0.7,entropy,True,4.0
232,parry,pinto,2.0,3.0,2.0,3.0,57.11,44.36,True,2.0,3.0,4.0,0.0,8.0,17.0,81.45,0.79,entropy,True,3.0
233,parry,proxy,2.0,3.0,2.0,3.0,38.9,44.36,True,2.0,3.0,5.0,4.0,4.0,1.5,81.45,0.79,entropy,True,3.0
234,parry,lupus,2.0,3.0,2.0,3.0,31.54,44.36,True,2.0,3.0,0.0,5.0,8.0,38.5,81.45,0.79,entropy,True,3.0
235,parry,spike,2.0,3.0,2.0,3.0,58.81,44.36,True,2.0,3.0,14.0,9.0,29.0,17.2,90.73,0.53,entropy,True,6.0
236,parry,binge,2.0,3.0,2.0,3.0,56.19,44.36,True,2.0,3.0,3.0,1.0,22.0,203.33,86.09,0.7,entropy,True,4.0
237,parry,perch,2.0,3.0,1.0,4.0,64.85,44.36,True,1.67,3.33,5.0,2.0,6.0,4.0,81.45,0.79,entropy,True,3.0
238,parry,whelp,2.0,3.0,1.0,4.0,51.21,44.36,True,1.75,3.25,0.0,12.0,15.0,26.67,86.09,0.7,entropy,True,4.0
239,shied,emcee,2.0,3.0,3.0,2.0,25.47,64.81,True,2.5,2.5,3.0,1.0,23.0,55.33,91.2,0.68,entropy,True,4.0
240,shied,shout,2.0,3.0,2.0,3.0,54.72,64.81,True,1.75,3.25,9.0,0.0,14.0,11.33,91.2,0.68,entropy,True,4.0
241,shied,payer,2.0,3.0,3.0,2.0,80.63,64.81,True,2.25,2.75,7.0,1.0,17.0,57.33,91.2,0.68,entropy,True,4.0
242,shied,deuce,2.0,3.0,3.0,2.0,41.49,64.81,True,2.5,2.5,4.0,9.0,16.0,26.67,91.2,0.68,entropy,True,4.0
243,shied,dimly,2.0,3.0,2.0,3.0,40.16,64.81,True,2.33,2.67,0.0,6.0,9.0,16.0,88.27,0.77,entropy,True,3.0
244,shied,march,2.0,3.0,1.0,4.0,55.85,64.81,True,1.5,3.5,4.0,6.0,19.0,28.33,91.2,0.68,entropy,True,4.0
245,shied,merge,2.0,3.0,2.0,3.0,47.02,64.81,True,2.0,3.0,4.0,12.0,33.0,78.25,92.96,0.6,entropy,True,5.0
246,shied,mouse,2.0,3.0,3.0,2.0,67.41,64.81,True,2.75,2.25,6.0,8.0,14.0,23.67,91.2,0.68,entropy,True,4.0
247,shied,build,2.0,3.0,2.0,3.0,40.4,64.81,True,1.75,3.25,7.0,1.0,16.0,3.0,91.2,0.68,entropy,True,4.0
248,shied,tasty,2.0,3.0,2.0,3.0,48.48,64.81,True,2.0,3.0,5.0,17.0,27.0,20.0,92.96,0.6,entropy,True,5.0
249,shied,hedge,2.0,3.0,2.0,3.0,34.2,64.81,True,2.0,3.0,1.0,8.0,6.0,3.0,88.27,0.77,entropy,True,3.0
250,shied,halve,2.0,3.0,2.0,3.0,67.92,64.81,True,2.25,2.75,2.0,12.0,15.0,12.0,91.2,0.68,entropy,True,4.0
251,shied,rebut,2.0,3.0,2.0,3.0,72.11,64.81,True,2.0,3.0,5.0,7.0,17.0,93.67,91.2,0.68,entropy,True,4.0
252,shied,untie,2.0,3.0,3.0,2.0,74.12,64.81,True,2.67,2.33,1.0,6.0,8.0,20.5,88.27,0.77,entropy,True,3.0
253,shied,truss,2.0,3.0,1.0,4.0,47.49,64.81,True,1.67,3.33,1.0,4.0,10.0,36.0,88.27,0.77,entropy,True,3.0
254,shied,probe,2.0,3.0,2.0,3.0,69.89,64.81,True,2.0,3.0,6.0,11.0,30.0,78.5,92.96,0.6,entropy,True,5.0
255,shied,elate,2.0,3.0,3.0,2.0,73.51,64.81,True,2.25,2.75,5.0,9.0,15.0,93.33,91.2,0.68,entropy,True,4.0
256,shied,flaky,2.0,3.0,2.0,3.0,41.12,64.81,True,2.0,3.0,1.0,4.0,25.0,133.67,91.2,0.68,entropy,True,4.0
257,shied,suing,2.0,3.0,2.0,3.0,45.35,64.81,True,1.75,3.25,9.0,0.0,14.0,12.0,91.2,0.68,entropy,True,4.0
258,shied,trash,2.0,3.0,1.0,4.0,73.92,64.81,True,1.5,3.5,0.0,2.0,3.0,23.0,82.41,0.86,entropy,True,2.0
259,shied,scowl,2.0,3.0,1.0,4.0,48.89,64.81,True,1.75,3.25,5.0,5.0,17.0,41.33,91.2,0.68,entropy,True,4.0
260,shied,lunar,2.0,3.0,2.0,3.0,72.89,64.81,True,2.0,3.0,1.0,1.0,13.0,185.0,88.27,0.77,entropy,True,3.0
261,shied,eagle,2.0,3.0,3.0,2.0,61.13,64.81,True,2.17,2.83,8.0,20.0,40.0,60.2,94.13,0.51,entropy,True,6.0
262,shied,hazel,2.0,3.0,2.0,3.0,64.61,64.81,True,2.0,3.0,4.0,2.0,8.0,7.5,88.27,0.77,entropy,True,3.0
263,shied,range,2.0,3.0,2.0,3.0,83.33,64.81,True,2.0,3.0,1.0,12.0,17.0,98.67,91.2,0.68,entropy,True,4.0
264,shied,troop,2.0,3.0,2.0,3.0,46.85,64.81,True,2.0,3.0,1.0,2.0,12.0,185.5,88.27,0.77,entropy,True,3.0
265,shied,basin,2.0,3.0,2.0,3.0,59.5,64.81,True,2.0,3.0,0.0,7.0,8.0,12.0,88.27,0.77,entropy,True,3.0
266,shied,baggy,2.0,3.0,2.0,3.0,24.45,64.81,True,2.0,3.0,4.0,4.0,40.0,101.0,92.96,0.6,entropy,True,5.0
267,shied,agent,2.0,3.0,2.0,3.0,78.38,64.81,True,2.0,3.0,3.0,2.0,10.0,139.0,88.27,0.77,entropy,True,3.0
268,shied,genre,2.0,3.0,2.0,3.0,54.55,64.81,True,2.0,3.0,3.0,5.0,21.0,94.33,91.2,0.68,entropy,True,4.0
269,fizzy,giddy,2.0,3.0,2.0,3.0,18.79,6.0,True,2.4,2.6,9.0,2.0,23.0,15.5,81.2,0.65,entropy,True,5.0
270,fizzy,prude,2.0,3.0,2.0,3.0,64.75,6.0,True,2.2,2.8,6.0,8.0,30.0,326.75,81.2,0.65,entropy,True,5.0
271,fizzy,inner,2.0,3.0,2.0,3.0,65.26,6.0,True,2.25,2.75,4.0,7.0,15.0,121.0,76.5,0.74,entropy,True,4.0
272,fizzy,parry,2.0,3.0,2.0,3.0,44.36,6.0,True,2.17,2.83,13.0,7.0,32.0,54.8,84.33,0.56,entropy,True,6.0
273,fizzy,morph,2.0,3.0,1.0,4.0,46.13,6.0,True,1.75,3.25,0.0,4.0,23.0,419.33,76.5,0.74,entropy,True,4.0
274,fizzy,newer,2.0,3.0,2.0,3.0,51.18,6.0,True,2.0,3.0,1.0,11.0,34.0,327.25,81.2,0.65,entropy,True,5.0
275,fizzy,genie,2.0,3.0,3.0,2.0,47.9,6.0,True,2.75,2.25,2.0,7.0,17.0,131.0,76.5,0.74,entropy,True,4.0
276,fizzy,rajah,2.0,3.0,2.0,3.0,33.28,6.0,True,2.0,3.0,1.0,5.0,21.0,420.33,76.5,0.74,entropy,True,4.0
277,fizzy,vigil,2.0,3.0,2.0,3.0,20.35,6.0,True,2.2,2.8,6.0,6.0,28.0,38.25,81.2,0.65,entropy,True,5.0
278,fizzy,gloat,2.0,3.0,2.0,3.0,68.6,6.0,True,1.75,3.25,4.0,3.0,18.0,407.0,76.5,0.74,entropy,True,4.0
279,fizzy,floor,2.0,3.0,2.0,3.0,42.41,6.0,True,2.0,3.0,6.0,4.0,14.0,25.67,76.5,0.74,entropy,True,4.0
280,fizzy,price,2.0,3.0,2.0,3.0,73.24,6.0,True,2.5,2.5,5.0,5.0,15.0,126.67,76.5,0.74,entropy,True,4.0
281,fizzy,stash,2.0,3.0,1.0,4.0,47.43,6.0,True,1.33,3.67,9.0,8.0,44.0,248.4,84.33,0.56,entropy,True,6.0
282,fizzy,chase,2.0,3.0,2.0,3.0,76.24,6.0,True,2.25,2.75,2.0,5.0,20.0,419.67,76.5,0.74,entropy,True,4.0
283,fizzy,wound,2.0,3.0,2.0,3.0,36.04,6.0,True,2.0,3.0,20.0,0.0,73.0,182.86,88.25,0.39,entropy,False,8.0
284,fizzy,fudge,2.0,3.0,2.0,3.0,43.3,6.0,True,2.0,3.0,2.0,1.0,9.0,38.0,68.67,0.82,entropy,True,3.0
285,fizzy,cabin,2.0,3.0,2.0,3.0,53.6,6.0,True,2.25,2.75,2.0,8.0,17.0,130.0,76.5,0.74,entropy,True,4.0
286,fizzy,biome,2.0,3.0,3.0,2.0,61.75,6.0,True,2.4,2.6,7.0,0.0,30.0,41.75,81.2,0.65,entropy,True,5.0
287,fizzy,scald,2.0,3.0,1.0,4.0,61.27,6.0,True,1.75,3.25,1.0,6.0,20.0,416.33,76.5,0.74,entropy,True,4.0
288,fizzy,wince,2.0,3.0,2.0,3.0,58.54,6.0,True,2.17,2.83,11.0,4.0,39.0,33.4,84.33,0.56,entropy,True,6.0
289,fizzy,angle,2.0,3.0,2.0,3.0,78.04,6.0,True,2.0,3.0,1.0,2.0,10.0,610.5,68.67,0.82,entropy,True,3.0
290,fizzy,depth,2.0,3.0,1.0,4.0,57.45,6.0,True,1.75,3.25,0.0,6.0,21.0,411.67,76.5,0.74,entropy,True,4.0
291,fizzy,camel,2.0,3.0,2.0,3.0,75.38,6.0,True,2.0,3.0,1.0,20.0,25.0,312.25,81.2,0.65,entropy,True,5.0
292,fizzy,grave,2.0,3.0,2.0,3.0,70.92,6.0,True,2.0,3.0,7.0,33.0,54.0,212.5,86.57,0.48,entropy,False,7.0
293,fizzy,clank,2.0,3.0,1.0,4.0,52.85,6.0,True,1.5,3.5,4.0,2.0,20.0,412.0,76.5,0.74,entropy,True,4.0
294,fizzy,plead,2.0,3.0,2.0,3.0,74.43,6.0,True,2.0,3.0,5.0,2.0,18.0,407.33,76.5,0.74,entropy,True,4.0
295,fizzy,quake,2.0,3.0,3.0,2.0,51.65,6.0,True,2.4,2.6,3.0,8.0,34.0,318.0,81.2,0.65,entropy,True,5.0
296,fizzy,crept,2.0,3.0,1.0,4.0,74.94,6.0,True,1.5,3.5,6.0,2.0,17.0,406.67,76.5,0.74,entropy,True,4.0
297,fizzy,stilt,2.0,3.0,1.0,4.0,48.21,6.0,True,1.67,3.33,9.0,17.0,37.0,80.6,84.33,0.56,entropy,True,6.0
298,fizzy,match,2.0,3.0,1.0,4.0,50.9,6.0,True,1.67,3.33,4.0,18.0,48.0,251.0,84.33,0.56,entropy,True,6.0
299,flush,funky,1.0,4.0,2.0,3.0,21.89,38.87,True,1.75,3.25,5.0,5.0,17.0,5.67,84.72,0.71,entropy,True,4.0
300,flush,inept,1.0,4.0,2.0,3.0,71.16,38.87,True,2.0,3.0,1.0,2.0,12.0,342.0,79.62,0.79,entropy,True,3.0
301,flush,flown,1.0,4.0,1.0,4.0,38.56,38.87,True,1.25,3.75,6.0,1.0,17.0,9.67,84.72,0.71,entropy,True,4.0
302,flush,crumb,1.0,4.0,1.0,4.0,37.71,38.87,True,1.4,3.6,8.0,3.0,32.0,14.5,87.77,0.62,entropy,True,5.0
303,flush,hairy,1.0,4.0,3.0,2.0,64.75,38.87,True,2.0,3.0,2.0,3.0,10.0,55.0,79.62,0.79,entropy,True,3.0
304,flush,payee,1.0,4.0,4.0,1.0,54.18,38.87,True,2.8,2.2,6.0,3.0,37.0,174.5,87.77,0.62,entropy,True,5.0
305,flush,prune,1.0,4.0,2.0,3.0,70.1,38.87,True,2.25,2.75,5.0,3.0,18.0,19.0,84.72,0.71,entropy,True,4.0
306,flush,fault,1.0,4.0,2.0,3.0,57.79,38.87,True,1.5,3.5,2.0,1.0,2.0,1.0,69.44,0.88,entropy,True,2.0
307,flush,pinky,1.0,4.0,2.0,3.0,32.02,38.87,True,2.0,3.0,2.0,2.0,26.0,238.33,84.72,0.71,entropy,True,4.0
308,flush,payee,1.0,4.0,4.0,1.0,54.18,38.87,True,2.8,2.2,6.0,3.0,37.0,174.5,87.77,0.62,entropy,True,5.0
309,flush,abbey,1.0,4.0,3.0,2.0,51.62,38.87,True,2.5,2.5,0.0,6.0,24.0,234.0,84.72,0.71,entropy,True,4.0
310,flush,rivet,1.0,4.0,2.0,3.0,74.33,38.87,True,2.0,3.0,2.0,10.0,18.0,229.67,84.72,0.71,entropy,True,4.0
311,flush,lyric,1.0,4.0,2.0,3.0,59.73,38.87,True,1.67,3.33,1.0,3.0,11.0,123.5,79.62,0.79,entropy,True,3.0
312,flush,slime,1.0,4.0,2.0,3.0,72.32,38.87,True,1.8,3.2,12.0,4.0,21.0,6.75,87.77,0.62,entropy,True,5.0
313,flush,glyph,1.0,4.0,1.0,4.0,30.82,38.87,True,1.0,4.0,4.0,0.0,9.0,1.5,79.62,0.79,entropy,True,3.0
314,flush,swing,1.0,4.0,1.0,4.0,37.27,38.87,True,1.6,3.4,6.0,6.0,34.0,58.25,87.77,0.62,entropy,True,5.0
315,flush,lithe,1.0,4.0,2.0,3.0,76.0,38.87,True,1.67,3.33,4.0,4.0,7.0,11.5,79.62,0.79,entropy,True,3.0
316,flush,whack,1.0,4.0,1.0,4.0,31.91,38.87,True,1.5,3.5,3.0,6.0,20.0,37.67,84.72,0.71,entropy,True,4.0
317,flush,azure,1.0,4.0,3.0,2.0,72.28,38.87,True,2.33,2.67,3.0,1.0,10.0,27.0,79.62,0.79,entropy,True,3.0
318,flush,wrest,1.0,4.0,1.0,4.0,75.69,38.87,True,1.5,3.5,7.0,2.0,17.0,29.0,84.72,0.71,entropy,True,4.0
319,flush,theme,1.0,4.0,2.0,3.0,44.36,38.87,True,1.8,3.2,4.0,19.0,27.0,29.0,87.77,0.62,entropy,True,5.0
320,flush,solve,1.0,4.0,2.0,3.0,69.89,38.87,True,1.75,3.25,3.0,11.0,15.0,20.33,84.72,0.71,entropy,True,4.0
321,flush,manly,1.0,4.0,2.0,3.0,54.48,38.87,True,2.0,3.0,4.0,5.0,20.0,87.33,84.72,0.71,entropy,True,4.0
322,flush,heath,1.0,4.0,2.0,3.0,63.79,38.87,True,1.75,3.25,7.0,4.0,15.0,21.67,84.72,0.71,entropy,True,4.0
323,flush,rabid,1.0,4.0,2.0,3.0,60.69,38.87,True,2.2,2.8,7.0,11.0,29.0,174.75,87.77,0.62,entropy,True,5.0
324,flush,oddly,1.0,4.0,2.0,3.0,33.28,38.87,True,1.75,3.25,2.0,6.0,22.0,90.67,84.72,0.71,entropy,True,4.0
325,flush,throb,1.0,4.0,1.0,4.0,55.71,38.87,True,1.33,3.67,0.0,5.0,10.0,55.0,79.62,0.79,entropy,True,3.0
326,flush,liken,1.0,4.0,2.0,3.0,66.11,38.87,True,1.67,3.33,2.0,2.0,11.0,124.5,79.62,0.79,entropy,True,3.0
327,flush,refer,1.0,4.0,2.0,3.0,35.29,38.87,True,1.8,3.2,9.0,7.0,27.0,9.0,87.77,0.62,entropy,True,5.0
328,flush,sumac,1.0,4.0,2.0,3.0,51.69,38.87,True,2.0,3.0,5.0,6.0,17.0,16.0,84.72,0.71,entropy,True,4.0
329,skunk,unlit,1.0,4.0,2.0,3.0,58.98,22.6,True,2.0,3.0,2.0,6.0,5.0,24.5,74.2,0.81,entropy,True,3.0
330,skunk,flare,1.0,4.0,2.0,3.0,85.2,22.6,True,1.8,3.2,10.0,6.0,22.0,236.5,84.52,0.63,entropy,True,5.0
331,skunk,flunk,1.0,4.0,1.0,4.0,30.55,22.6,True,1.0,4.0,10.0,3.0,8.0,3.0,80.65,0.72,entropy,True,4.0
332,skunk,ahead,1.0,4.0,3.0,2.0,53.87,22.6,True,2.0,3.0,2.0,0.0,11.0,470.5,74.2,0.81,entropy,True,3.0
333,skunk,pushy,1.0,4.0,2.0,3.0,34.3,22.6,True,1.75,3.25,4.0,8.0,14.0,16.67,80.65,0.72,entropy,True,4.0
334,skunk,wight,1.0,4.0,1.0,4.0,33.38,22.6,True,1.33,3.67,12.0,0.0,45.0,192.0,87.1,0.55,entropy,True,6.0
335,skunk,spray,1.0,4.0,2.0,3.0,64.3,22.6,True,1.6,3.4,7.0,9.0,23.0,51.25,84.52,0.63,entropy,True,5.0
336,skunk,rabid,1.0,4.0,2.0,3.0,60.69,22.6,True,2.0,3.0,7.0,8.0,28.0,244.0,84.52,0.63,entropy,True,5.0
337,skunk,motif,1.0,4.0,2.0,3.0,45.45,22.6,True,1.75,3.25,2.0,3.0,22.0,322.33,80.65,0.72,entropy,True,4.0
338,skunk,retch,1.0,4.0,1.0,4.0,75.52,22.6,True,1.5,3.5,1.0,9.0,17.0,321.33,80.65,0.72,entropy,True,4.0
339,skunk,epoxy,1.0,4.0,3.0,2.0,48.72,22.6,True,2.25,2.75,0.0,4.0,23.0,323.67,80.65,0.72,entropy,True,4.0
340,skunk,ensue,1.0,4.0,3.0,2.0,52.71,22.6,True,2.0,3.0,1.0,9.0,3.0,4.0,74.2,0.81,entropy,True,3.0
341,skunk,amble,1.0,4.0,2.0,3.0,69.62,22.6,True,2.0,3.0,8.0,6.0,27.0,237.25,84.52,0.63,entropy,True,5.0
342,skunk,valve,1.0,4.0,2.0,3.0,56.5,22.6,True,2.17,2.83,5.0,25.0,39.0,195.2,87.1,0.55,entropy,True,6.0
343,skunk,lofty,1.0,4.0,2.0,3.0,49.95,22.6,True,1.75,3.25,2.0,6.0,19.0,314.67,80.65,0.72,entropy,True,4.0
344,skunk,tenor,1.0,4.0,2.0,3.0,89.19,22.6,True,1.67,3.33,2.0,3.0,8.0,113.5,74.2,0.81,entropy,True,3.0
345,skunk,being,1.0,4.0,2.0,3.0,56.19,22.6,True,2.25,2.75,5.0,3.0,16.0,33.0,80.65,0.72,entropy,True,4.0
346,skunk,brisk,1.0,4.0,1.0,4.0,46.4,22.6,True,1.0,4.0,3.0,4.0,7.0,4.0,74.2,0.81,entropy,True,3.0
347,skunk,trove,1.0,4.0,2.0,3.0,76.78,22.6,True,1.8,3.2,7.0,9.0,27.0,241.5,84.52,0.63,entropy,True,5.0
348,skunk,orbit,1.0,4.0,2.0,3.0,64.1,22.6,True,1.75,3.25,4.0,3.0,19.0,315.67,80.65,0.72,entropy,True,4.0
349,skunk,labor,1.0,4.0,2.0,3.0,72.69,22.6,True,1.75,3.25,0.0,10.0,17.0,320.0,80.65,0.72,entropy,True,4.0
350,skunk,hitch,1.0,4.0,1.0,4.0,32.59,22.6,True,1.33,3.67,9.0,10.0,45.0,194.4,87.1,0.55,entropy,True,6.0
351,skunk,style,1.0,4.0,2.0,3.0,77.16,22.6,True,1.75,3.25,8.0,0.0,14.0,66.67,80.65,0.72,entropy,True,4.0
352,skunk,chunk,1.0,4.0,1.0,4.0,28.13,22.6,True,1.0,4.0,9.0,3.0,9.0,3.0,80.65,0.72,entropy,True,4.0
353,skunk,barge,1.0,4.0,2.0,3.0,74.7,22.6,True,1.8,3.2,2.0,16.0,28.0,246.0,84.52,0.63,entropy,True,5.0
354,skunk,affix,1.0,4.0,2.0,3.0,22.2,22.6,True,2.0,3.0,3.0,0.0,23.0,315.0,80.65,0.72,entropy,True,4.0
355,skunk,aorta,1.0,4.0,3.0,2.0,64.78,22.6,True,2.0,3.0,2.0,7.0,17.0,314.33,80.65,0.72,entropy,True,4.0
356,skunk,offer,1.0,4.0,2.0,3.0,57.52,22.6,True,1.8,3.2,3.0,11.0,31.0,258.0,84.52,0.63,entropy,True,5.0
357,skunk,prawn,1.0,4.0,1.0,4.0,54.52,22.6,True,1.4,3.6,7.0,13.0,23.0,61.0,84.52,0.63,entropy,True,5.0
358,skunk,ardor,1.0,4.0,2.0,3.0,54.86,22.6,True,1.75,3.25,2.0,4.0,20.0,316.33,80.65,0.72,entropy,True,4.0
359,quilt,pouty,2.0,3.0,3.0,2.0,46.68,42.93,True,2.5,2.5,6.0,6.0,15.0,13.33,85.73,0.7,entropy,True,4.0
360,quilt,party,2.0,3.0,2.0,3.0,65.87,42.93,True,2.0,3.0,3.0,20.0,27.0,51.25,88.59,0.62,entropy,True,5.0
361,quilt,peril,2.0,3.0,2.0,3.0,80.36,42.93,True,2.0,3.0,2.0,16.0,12.0,20.33,85.73,0.7,entropy,True,4.0
362,quilt,gross,2.0,3.0,1.0,4.0,43.54,42.93,True,1.5,3.5,14.0,0.0,42.0,124.6,90.49,0.53,entropy,True,6.0
363,quilt,chock,2.0,3.0,1.0,4.0,19.67,42.93,True,2.0,3.0,3.0,0.0,26.0,209.0,85.73,0.7,entropy,True,4.0
364,quilt,repel,2.0,3.0,2.0,3.0,60.55,42.93,True,2.0,3.0,3.0,2.0,10.0,119.0,80.98,0.79,entropy,True,3.0
365,quilt,merit,2.0,3.0,2.0,3.0,79.2,42.93,True,2.0,3.0,5.0,11.0,11.0,12.67,85.73,0.7,entropy,True,4.0
366,quilt,model,2.0,3.0,2.0,3.0,66.42,42.93,True,2.0,3.0,1.0,3.0,11.0,121.5,80.98,0.79,entropy,True,3.0
367,quilt,tuber,2.0,3.0,2.0,3.0,72.11,42.93,True,2.33,2.67,4.0,3.0,7.0,11.5,80.98,0.79,entropy,True,3.0
368,quilt,dress,2.0,3.0,1.0,4.0,60.04,42.93,True,1.6,3.4,9.0,3.0,31.0,155.5,88.59,0.62,entropy,True,5.0
369,quilt,dough,2.0,3.0,2.0,3.0,33.96,42.93,True,2.25,2.75,4.0,5.0,19.0,39.67,85.73,0.7,entropy,True,4.0
370,quilt,drank,2.0,3.0,1.0,4.0,55.68,42.93,True,1.75,3.25,4.0,3.0,22.0,210.0,85.73,0.7,entropy,True,4.0
371,quilt,humph,2.0,3.0,1.0,4.0,11.22,42.93,True,1.75,3.25,3.0,1.0,23.0,34.0,85.73,0.7,entropy,True,4.0
372,quilt,biddy,2.0,3.0,2.0,3.0,17.93,42.93,True,2.2,2.8,8.0,4.0,30.0,42.0,88.59,0.62,entropy,True,5.0
373,quilt,novel,2.0,3.0,2.0,3.0,66.86,42.93,True,2.0,3.0,1.0,4.0,10.0,118.5,80.98,0.79,entropy,True,3.0
374,quilt,tulle,2.0,3.0,2.0,3.0,58.54,42.93,True,2.0,3.0,2.0,1.0,2.0,1.0,71.47,0.88,entropy,True,2.0
375,quilt,tepee,2.0,3.0,3.0,2.0,34.44,42.93,True,2.25,2.75,3.0,5.0,21.0,66.0,85.73,0.7,entropy,True,4.0
376,quilt,grief,2.0,3.0,2.0,3.0,64.2,42.93,True,2.25,2.75,5.0,4.0,18.0,44.67,85.73,0.7,entropy,True,4.0
377,quilt,arena,2.0,3.0,3.0,2.0,74.22,42.93,True,2.67,2.33,2.0,1.0,12.0,307.0,80.98,0.79,entropy,True,3.0
378,quilt,shuck,2.0,3.0,1.0,4.0,31.16,42.93,True,2.0,3.0,8.0,7.0,30.0,29.25,88.59,0.62,entropy,True,5.0
379,quilt,spill,2.0,3.0,1.0,4.0,37.54,42.93,True,1.75,3.25,7.0,0.0,17.0,10.67,85.73,0.7,entropy,True,4.0
380,quilt,mossy,2.0,3.0,2.0,3.0,29.8,42.93,True,2.33,2.67,1.0,1.0,13.0,307.5,80.98,0.79,entropy,True,3.0
381,quilt,homer,2.0,3.0,2.0,3.0,71.56,42.93,True,2.25,2.75,1.0,9.0,20.0,212.33,85.73,0.7,entropy,True,4.0
382,quilt,solve,2.0,3.0,2.0,3.0,69.89,42.93,True,2.0,3.0,1.0,10.0,19.0,85.33,85.73,0.7,entropy,True,4.0
383,quilt,sulky,2.0,3.0,2.0,3.0,39.31,42.93,True,2.0,3.0,4.0,6.0,17.0,8.67,85.73,0.7,entropy,True,4.0
384,quilt,copse,2.0,3.0,2.0,3.0,69.14,42.93,True,2.33,2.67,2.0,1.0,12.0,308.0,80.98,0.79,entropy,True,3.0
385,quilt,lover,2.0,3.0,2.0,3.0,76.44,42.93,True,2.0,3.0,8.0,13.0,25.0,61.25,88.59,0.62,entropy,True,5.0
386,quilt,harem,2.0,3.0,2.0,3.0,78.11,42.93,True,2.4,2.6,2.0,16.0,32.0,165.0,88.59,0.62,entropy,True,5.0
387,quilt,short,2.0,3.0,1.0,4.0,67.37,42.93,True,1.5,3.5,6.0,2.0,19.0,32.0,85.73,0.7,entropy,True,4.0
388,quilt,clock,2.0,3.0,1.0,4.0,29.39,42.93,True,1.43,3.57,10.0,19.0,65.0,44.17,91.85,0.44,entropy,False,7.0
389,baton,leave,2.0,3.0,3.0,2.0,56.5,63.48,True,2.4,2.6,5.0,10.0,31.0,63.25,92.7,0.6,entropy,True,5.0
390,baton,flank,2.0,3.0,1.0,4.0,45.55,63.48,True,1.33,3.67,11.0,22.0,32.0,12.4,93.91,0.51,entropy,True,6.0
391,baton,imbue,2.0,3.0,3.0,2.0,53.29,63.48,True,2.33,2.67,2.0,3.0,10.0,10.5,87.83,0.77,entropy,True,3.0
392,baton,whack,2.0,3.0,1.0,4.0,31.91,63.48,True,1.75,3.25,1.0,6.0,23.0,84.0,90.87,0.69,entropy,True,4.0
393,baton,avert,2.0,3.0,2.0,3.0,83.29,63.48,True,2.0,3.0,4.0,4.0,7.0,49.5,87.83,0.77,entropy,True,3.0
394,baton,guard,2.0,3.0,2.0,3.0,55.54,63.48,True,2.25,2.75,1.0,9.0,20.0,82.33,90.87,0.69,entropy,True,4.0
395,baton,bacon,2.0,3.0,2.0,3.0,56.02,63.48,True,2.0,3.0,8.0,0.0,3.0,1.5,87.83,0.77,entropy,True,3.0
396,baton,usher,2.0,3.0,2.0,3.0,73.71,63.48,True,2.0,3.0,0.0,2.0,13.0,209.5,87.83,0.77,entropy,True,3.0
397,baton,grass,2.0,3.0,1.0,4.0,50.09,63.48,True,1.6,3.4,9.0,7.0,27.0,61.0,92.7,0.6,entropy,True,5.0
398,baton,fence,2.0,3.0,2.0,3.0,39.75,63.48,True,2.0,3.0,12.0,9.0,41.0,28.4,93.91,0.51,entropy,True,6.0
399,baton,smile,2.0,3.0,2.0,3.0,72.32,63.48,True,2.0,3.0,3.0,7.0,20.0,136.33,90.87,0.69,entropy,True,4.0
400,baton,brawl,2.0,3.0,1.0,4.0,56.19,63.48,True,1.67,3.33,3.0,4.0,7.0,10.5,87.83,0.77,entropy,True,3.0
401,baton,stove,2.0,3.0,2.0,3.0,70.24,63.48,True,2.0,3.0,12.0,8.0,18.0,20.75,92.7,0.6,entropy,True,5.0
402,baton,dimly,2.0,3.0,2.0,3.0,40.16,63.48,True,2.0,3.0,1.0,7.0,22.0,134.33,90.87,0.69,entropy,True,4.0
403,baton,plain,2.0,3.0,2.0,3.0,63.28,63.48,True,2.0,3.0,7.0,5.0,14.0,8.33,90.87,0.69,entropy,True,4.0
404,baton,rubby,2.0,3.0,2.0,3.0,26.8,63.48,True,2.0,3.0,2.0,3.0,10.0,10.5,87.83,0.77,entropy,True,3.0
405,baton,melee,2.0,3.0,3.0,2.0,32.59,63.48,True,2.0,3.0,7.0,0.0,37.0,100.0,92.7,0.6,entropy,True,5.0
406,baton,lucky,2.0,3.0,2.0,3.0,33.45,63.48,True,1.75,3.25,0.0,7.0,23.0,132.33,90.87,0.69,entropy,True,4.0
407,baton,sense,2.0,3.0,2.0,3.0,38.9,63.48,True,2.0,3.0,3.0,5.0,21.0,46.0,90.87,0.69,entropy,True,4.0
408,baton,spoil,2.0,3.0,2.0,3.0,59.77,63.48,True,2.0,3.0,0.0,5.0,10.0,106.0,87.83,0.77,entropy,True,3.0
409,baton,blank,2.0,3.0,1.0,4.0,47.05,63.48,True,1.33,3.67,4.0,4.0,6.0,2.0,87.83,0.77,entropy,True,3.0
410,baton,twice,2.0,3.0,2.0,3.0,63.14,63.48,True,2.0,3.0,2.0,3.0,10.0,84.0,87.83,0.77,entropy,True,3.0
411,baton,abide,2.0,3.0,3.0,2.0,70.51,63.48,True,2.25,2.75,2.0,16.0,12.0,7.33,90.87,0.69,entropy,True,4.0
412,baton,rocky,2.0,3.0,2.0,3.0,47.19,63.48,True,1.75,3.25,2.0,7.0,20.0,73.0,90.87,0.69,entropy,True,4.0
413,baton,liner,2.0,3.0,2.0,3.0,86.43,63.48,True,2.0,3.0,0.0,1.0,4.0,127.0,81.74,0.86,entropy,True,2.0
414,baton,whirl,2.0,3.0,1.0,4.0,50.36,63.48,True,1.5,3.5,3.0,7.0,20.0,133.33,90.87,0.69,entropy,True,4.0
415,baton,dowel,2.0,3.0,2.0,3.0,62.77,63.48,True,2.0,3.0,5.0,6.0,17.0,70.67,90.87,0.69,entropy,True,4.0
416,baton,dress,2.0,3.0,1.0,4.0,60.04,63.48,True,1.6,3.4,1.0,14.0,35.0,105.75,92.7,0.6,entropy,True,5.0
417,baton,attic,2.0,3.0,2.0,3.0,49.95,63.48,True,2.0,3.0,3.0,2.0,9.0,6.5,87.83,0.77,entropy,True,3.0
418,baton,spike,2.0,3.0,2.0,3.0,58.81,63.48,True,2.0,3.0,2.0,5.0,23.0,134.67,90.87,0.69,entropy,True,4.0
419,cocoa,fault,3.0,2.0,2.0,3.0,57.79,30.86,True,2.0,3.0,3.0,8.0,12.0,192.0,82.72,0.71,entropy,True,4.0
420,cocoa,forgo,3.0,2.0,2.0,3.0,30.34,30.86,True,2.0,3.0,7.0,7.0,25.0,52.25,86.17,0.63,entropy,True,5.0
421,cocoa,envoy,3.0,2.0,3.0,2.0,58.2,30.86,True,2.5,2.5,5.0,7.0,12.0,25.67,82.72,0.71,entropy,True,4.0
422,cocoa,apron,3.0,2.0,2.0,3.0,71.02,30.86,True,2.33,2.67,4.0,5.0,3.0,19.0,76.95,0.8,entropy,True,3.0
423,cocoa,wrest,3.0,2.0,1.0,4.0,75.69,30.86,True,2.0,3.0,1.0,3.0,7.0,358.5,76.95,0.8,entropy,True,3.0
424,cocoa,allow,3.0,2.0,2.0,3.0,43.68,30.86,True,2.4,2.6,11.0,8.0,16.0,12.0,86.17,0.63,entropy,True,5.0
425,cocoa,crimp,3.0,2.0,1.0,4.0,46.3,30.86,True,1.67,3.33,3.0,2.0,7.0,34.0,76.95,0.8,entropy,True,3.0
426,cocoa,nadir,3.0,2.0,2.0,3.0,69.35,30.86,True,2.5,2.5,1.0,10.0,13.0,203.0,82.72,0.71,entropy,True,4.0
427,cocoa,torso,3.0,2.0,2.0,3.0,55.95,30.86,True,2.25,2.75,5.0,8.0,11.0,64.0,82.72,0.71,entropy,True,4.0
428,cocoa,spray,3.0,2.0,2.0,3.0,64.3,30.86,True,2.5,2.5,1.0,9.0,14.0,203.33,82.72,0.71,entropy,True,4.0
429,cocoa,gleam,3.0,2.0,2.0,3.0,70.47,30.86,True,2.25,2.75,6.0,5.0,11.0,191.67,82.72,0.71,entropy,True,4.0
430,cocoa,avail,3.0,2.0,3.0,2.0,40.03,30.86,True,2.5,2.5,4.0,6.0,13.0,192.67,82.72,0.71,entropy,True,4.0
431,cocoa,rainy,3.0,2.0,3.0,2.0,70.24,30.86,True,2.67,2.33,0.0,4.0,7.0,304.0,76.95,0.8,entropy,True,3.0
432,cocoa,lefty,3.0,2.0,2.0,3.0,63.96,30.86,True,2.0,3.0,1.0,15.0,26.0,183.25,86.17,0.63,entropy,True,5.0
433,cocoa,yield,3.0,2.0,3.0,2.0,67.1,30.86,True,2.67,2.33,0.0,2.0,9.0,369.0,76.95,0.8,entropy,True,3.0
434,cocoa,revel,3.0,2.0,2.0,3.0,54.18,30.86,True,2.2,2.8,6.0,7.0,26.0,186.5,86.17,0.63,entropy,True,5.0
435,cocoa,scant,3.0,2.0,1.0,4.0,66.96,30.86,True,2.0,3.0,1.0,8.0,4.0,33.0,76.95,0.8,entropy,True,3.0
436,cocoa,shush,3.0,2.0,1.0,4.0,10.94,30.86,True,1.75,3.25,2.0,2.0,20.0,248.33,82.72,0.71,entropy,True,4.0
437,cocoa,gourd,3.0,2.0,2.0,3.0,48.99,30.86,True,2.0,3.0,3.0,6.0,15.0,69.33,82.72,0.71,entropy,True,4.0
438,cocoa,sight,3.0,2.0,1.0,4.0,47.6,30.86,True,1.75,3.25,2.0,7.0,15.0,241.0,82.72,0.71,entropy,True,4.0
439,cocoa,girly,3.0,2.0,2.0,3.0,54.82,30.86,True,2.25,2.75,1.0,6.0,17.0,240.0,82.72,0.71,entropy,True,4.0
440,cocoa,surer,3.0,2.0,2.0,3.0,62.26,30.86,True,2.2,2.8,7.0,10.0,21.0,182.0,86.17,0.63,entropy,True,5.0
441,cocoa,steam,3.0,2.0,2.0,3.0,81.66,30.86,True,2.25,2.75,5.0,7.0,11.0,192.0,82.72,0.71,entropy,True,4.0
442,cocoa,elide,3.0,2.0,3.0,2.0,54.62,30.86,True,2.75,2.25,3.0,3.0,17.0,244.33,82.72,0.71,entropy,True,4.0
443,cocoa,erase,3.0,2.0,3.0,2.0,77.26,30.86,True,2.75,2.25,2.0,11.0,11.0,202.67,82.72,0.71,entropy,True,4.0
444,cocoa,apart,3.0,2.0,2.0,3.0,53.39,30.86,True,2.33,2.67,3.0,2.0,6.0,285.5,76.95,0.8,entropy,True,3.0
445,cocoa,yearn,3.0,2.0,3.0,2.0,86.7,30.86,True,2.5,2.5,3.0,9.0,11.0,193.0,82.72,0.71,entropy,True,4.0
446,cocoa,beget,3.0,2.0,2.0,3.0,40.98,30.86,True,2.2,2.8,5.0,4.0,29.0,181.0,86.17,0.63,entropy,True,5.0
447,cocoa,leant,3.0,2.0,2.0,3.0,90.42,30.86,True,2.25,2.75,5.0,9.0,9.0,192.67,82.72,0.71,entropy,True,4.0
448,cocoa,elegy,3.0,2.0,3.0,2.0,44.83,30.86,True,2.5,2.5,1.0,4.0,19.0,252.0,82.72,0.71,entropy,True,4.0
449,blend,tatty,1.0,4.0,2.0,3.0,28.57,59.97,True,2.0,3.0,14.0,14.0,59.0,79.33,94.28,0.43,entropy,False,7.0
450,blend,taunt,1.0,4.0,2.0,3.0,46.81,59.97,True,1.86,3.14,20.0,0.0,44.0,16.17,94.28,0.43,entropy,False,7.0
451,blend,motto,1.0,4.0,2.0,3.0,18.89,59.97,True,2.0,3.0,4.0,5.0,38.0,116.25,91.99,0.6,entropy,True,5.0
452,blend,punch,1.0,4.0,1.0,4.0,32.83,59.97,True,1.5,3.5,2.0,6.0,22.0,50.67,89.99,0.69,entropy,True,4.0
453,blend,fecal,1.0,4.0,2.0,3.0,72.79,59.97,True,2.0,3.0,0.0,15.0,15.0,42.67,89.99,0.69,entropy,True,4.0
454,blend,tease,1.0,4.0,3.0,2.0,72.28,59.97,True,2.4,2.6,7.0,9.0,28.0,90.5,91.99,0.6,entropy,True,5.0
455,blend,woman,1.0,4.0,2.0,3.0,48.79,59.97,True,1.67,3.33,1.0,4.0,10.0,62.0,86.66,0.77,entropy,True,3.0
456,blend,front,1.0,4.0,1.0,4.0,59.67,59.97,True,1.33,3.67,3.0,0.0,11.0,43.0,86.66,0.77,entropy,True,3.0
457,blend,incur,1.0,4.0,2.0,3.0,56.84,59.97,True,1.67,3.33,0.0,4.0,11.0,62.0,86.66,0.77,entropy,True,3.0
458,blend,quest,1.0,4.0,2.0,3.0,58.17,59.97,True,1.8,3.2,9.0,0.0,33.0,25.5,91.99,0.6,entropy,True,5.0
459,blend,gayer,1.0,4.0,3.0,2.0,78.93,59.97,True,2.4,2.6,7.0,13.0,27.0,99.5,91.99,0.6,entropy,True,5.0
460,blend,flume,1.0,4.0,2.0,3.0,53.12,59.97,True,1.8,3.2,8.0,7.0,28.0,11.75,91.99,0.6,entropy,True,5.0
461,blend,chord,1.0,4.0,1.0,4.0,51.55,59.97,True,1.25,3.75,5.0,2.0,20.0,11.33,89.99,0.69,entropy,True,4.0
462,blend,butch,1.0,4.0,1.0,4.0,34.84,59.97,True,1.25,3.75,4.0,3.0,20.0,13.67,89.99,0.69,entropy,True,4.0
463,blend,punch,1.0,4.0,1.0,4.0,32.83,59.97,True,1.5,3.5,2.0,6.0,22.0,50.67,89.99,0.69,entropy,True,4.0
464,blend,lousy,1.0,4.0,3.0,2.0,55.4,59.97,True,2.0,3.0,3.0,9.0,17.0,57.0,89.99,0.69,entropy,True,4.0
465,blend,valor,1.0,4.0,2.0,3.0,68.91,59.97,True,1.67,3.33,2.0,4.0,9.0,84.5,86.66,0.77,entropy,True,3.0
466,blend,error,1.0,4.0,2.0,3.0,50.77,59.97,True,2.0,3.0,1.0,4.0,10.0,176.5,86.66,0.77,entropy,True,3.0
467,blend,prior,1.0,4.0,2.0,3.0,45.14,59.97,True,2.2,2.8,0.0,15.0,35.0,118.5,91.99,0.6,entropy,True,5.0
468,blend,shyly,1.0,4.0,2.0,3.0,30.79,59.97,True,1.5,3.5,3.0,5.0,21.0,60.0,89.99,0.69,entropy,True,4.0
469,blend,cumin,1.0,4.0,2.0,3.0,39.72,59.97,True,1.67,3.33,1.0,2.0,12.0,62.0,86.66,0.77,entropy,True,3.0
470,blend,butch,1.0,4.0,1.0,4.0,34.84,59.97,True,1.25,3.75,4.0,3.0,20.0,13.67,89.99,0.69,entropy,True,4.0
471,blend,depth,1.0,4.0,1.0,4.0,57.45,59.97,True,2.0,3.0,3.0,10.0,17.0,25.67,89.99,0.69,entropy,True,4.0
472,blend,petal,1.0,4.0,2.0,3.0,84.35,59.97,True,1.67,3.33,1.0,7.0,7.0,58.5,86.66,0.77,entropy,True,3.0
473,blend,flint,1.0,4.0,1.0,4.0,51.93,59.97,True,1.0,4.0,9.0,0.0,14.0,8.0,89.99,0.69,entropy,True,4.0
474,blend,birth,1.0,4.0,1.0,4.0,53.29,59.97,True,1.33,3.67,2.0,1.0,11.0,20.0,86.66,0.77,entropy,True,3.0
475,blend,crave,1.0,4.0,2.0,3.0,75.83,59.97,True,2.2,2.8,8.0,8.0,27.0,93.0,91.99,0.6,entropy,True,5.0
476,blend,grind,1.0,4.0,1.0,4.0,49.68,59.97,True,1.25,3.75,6.0,1.0,17.0,6.67,89.99,0.69,entropy,True,4.0
477,blend,whale,1.0,4.0,2.0,3.0,69.14,59.97,True,2.0,3.0,2.0,13.0,15.0,42.33,89.99,0.69,entropy,True,4.0
478,blend,nudge,1.0,4.0,2.0,3.0,53.49,59.97,True,2.0,3.0,3.0,15.0,11.0,7.67,89.99,0.69,entropy,True,4.0
479,haste,harsh,2.0,3.0,1.0,4.0,52.4,83.74,True,1.5,3.5,2.0,1.0,2.0,1.0,91.87,0.84,entropy,True,2.0
480,haste,lions,2.0,3.0,2.0,3.0,65.84,83.74,True,2.0,3.0,0.0,1.0,4.0,95.0,91.87,0.84,entropy,True,2.0
481,haste,mamma,2.0,3.0,2.0,3.0,3.92,83.74,True,2.2,2.8,7.0,0.0,36.0,31.0,96.75,0.58,entropy,True,5.0
482,haste,album,2.0,3.0,2.0,3.0,47.15,83.74,True,2.0,3.0,1.0,8.0,21.0,58.67,95.94,0.67,entropy,True,4.0
483,haste,award,2.0,3.0,2.0,3.0,38.32,83.74,True,2.0,3.0,4.0,14.0,31.0,46.25,96.75,0.58,entropy,True,5.0
484,haste,debug,2.0,3.0,2.0,3.0,44.83,83.74,True,2.25,2.75,2.0,5.0,23.0,76.0,95.94,0.67,entropy,True,4.0
485,haste,audit,2.0,3.0,3.0,2.0,61.27,83.74,True,2.25,2.75,3.0,11.0,15.0,19.67,95.94,0.67,entropy,True,4.0
486,haste,mambo,2.0,3.0,2.0,3.0,34.44,83.74,True,2.0,3.0,5.0,2.0,20.0,32.67,95.94,0.67,entropy,True,4.0
487,haste,toxin,2.0,3.0,2.0,3.0,47.36,83.74,True,2.0,3.0,3.0,12.0,15.0,25.67,95.94,0.67,entropy,True,4.0
488,haste,awash,2.0,3.0,2.0,3.0,31.64,83.74,True,1.67,3.33,9.0,27.0,30.0,6.6,97.29,0.49,entropy,True,6.0
489,haste,basic,2.0,3.0,2.0,3.0,56.63,83.74,True,2.0,3.0,12.0,0.0,24.0,6.0,96.75,0.58,entropy,True,5.0
490,haste,bingo,2.0,3.0,2.0,3.0,42.14,83.74,True,2.2,2.8,8.0,9.0,29.0,73.5,96.75,0.58,entropy,True,5.0
491,haste,needy,2.0,3.0,3.0,2.0,43.06,83.74,True,2.25,2.75,1.0,9.0,20.0,76.33,95.94,0.67,entropy,True,4.0
492,haste,relay,2.0,3.0,3.0,2.0,90.96,83.74,True,2.33,2.67,1.0,7.0,7.0,38.0,94.58,0.75,entropy,True,3.0
493,haste,hovel,2.0,3.0,2.0,3.0,61.4,83.74,True,2.0,3.0,2.0,4.0,8.0,5.0,94.58,0.75,entropy,True,3.0
494,haste,modem,2.0,3.0,2.0,3.0,45.24,83.74,True,2.25,2.75,3.0,4.0,22.0,75.33,95.94,0.67,entropy,True,4.0
495,haste,gusto,2.0,3.0,2.0,3.0,52.4,83.74,True,2.0,3.0,5.0,0.0,8.0,3.5,94.58,0.75,entropy,True,3.0
496,haste,acrid,2.0,3.0,2.0,3.0,66.45,83.74,True,2.0,3.0,1.0,4.0,10.0,79.5,94.58,0.75,entropy,True,3.0
497,haste,snare,2.0,3.0,2.0,3.0,94.17,83.74,True,2.33,2.67,2.0,7.0,5.0,11.0,94.58,0.75,entropy,True,3.0
498,haste,tuber,2.0,3.0,2.0,3.0,72.11,83.74,True,2.0,3.0,5.0,8.0,15.0,26.67,95.94,0.67,entropy,True,4.0
499,haste,piano,2.0,3.0,3.0,2.0,64.37,83.74,True,2.33,2.67,0.0,4.0,11.0,83.0,94.58,0.75,entropy,True,3.0
500,haste,banjo,2.0,3.0,2.0,3.0,42.79,83.74,True,2.0,3.0,5.0,2.0,20.0,32.67,95.94,0.67,entropy,True,4.0
501,haste,block,2.0,3.0,1.0,4.0,37.64,83.74,True,2.0,3.0,3.0,1.0,25.0,98.0,95.94,0.67,entropy,True,4.0
502,haste,level,2.0,3.0,2.0,3.0,27.72,83.74,True,2.0,3.0,2.0,2.0,11.0,110.5,94.58,0.75,entropy,True,3.0
503,haste,candy,2.0,3.0,2.0,3.0,49.57,83.74,True,2.0,3.0,5.0,1.0,20.0,33.67,95.94,0.67,entropy,True,4.0
504,haste,bring,2.0,3.0,1.0,4.0,46.37,83.74,True,1.75,3.25,5.0,3.0,20.0,97.0,95.94,0.67,entropy,True,4.0
505,haste,tibia,2.0,3.0,3.0,2.0,44.15,83.74,True,2.33,2.67,2.0,5.0,8.0,27.0,94.58,0.75,entropy,True,3.0
506,haste,batty,2.0,3.0,2.0,3.0,36.82,83.74,True,2.0,3.0,9.0,0.0,14.0,5.67,95.94,0.67,entropy,True,4.0
507,haste,tarot,2.0,3.0,2.0,3.0,64.78,83.74,True,2.33,2.67,2.0,5.0,7.0,16.5,94.58,0.75,entropy,True,3.0
508,haste,swami,2.0,3.0,2.0,3.0,49.37,83.74,True,2.0,3.0,3.0,10.0,16.0,19.67,95.94,0.67,entropy,True,4.0
509,pansy,rally,2.0,3.0,2.0,3.0,54.69,54.76,True,2.33,2.67,5.0,1.0,7.0,20.5,84.92,0.78,entropy,True,3.0
510,pansy,credo,2.0,3.0,2.0,3.0,76.41,54.76,True,2.33,2.67,0.0,3.0,12.0,246.5,84.92,0.78,entropy,True,3.0
511,pansy,prove,2.0,3.0,2.0,3.0,66.11,54.76,True,2.0,3.0,6.0,4.0,17.0,15.67,88.69,0.69,entropy,True,4.0
512,pansy,snoop,2.0,3.0,2.0,3.0,35.73,54.76,True,1.67,3.33,1.0,8.0,6.0,4.5,84.92,0.78,entropy,True,3.0
513,pansy,snoop,2.0,3.0,2.0,3.0,35.73,54.76,True,1.67,3.33,1.0,8.0,6.0,4.5,84.92,0.78,entropy,True,3.0
514,pansy,cried,2.0,3.0,2.0,3.0,73.95,54.76,True,2.33,2.67,1.0,1.0,13.0,247.0,84.92,0.78,entropy,True,3.0
515,pansy,sorry,2.0,3.0,2.0,3.0,46.91,54.76,True,2.0,3.0,4.0,3.0,7.0,16.0,84.92,0.78,entropy,True,3.0
516,pansy,porch,2.0,3.0,1.0,4.0,50.8,54.76,True,1.67,3.33,3.0,0.0,11.0,21.0,84.92,0.78,entropy,True,3.0
517,pansy,medic,2.0,3.0,2.0,3.0,56.84,54.76,True,2.25,2.75,0.0,5.0,25.0,171.0,88.69,0.69,entropy,True,4.0
518,pansy,neigh,2.0,3.0,2.0,3.0,59.32,54.76,True,2.2,2.8,1.0,21.0,28.0,42.75,90.95,0.61,entropy,True,5.0
519,pansy,soapy,2.0,3.0,3.0,2.0,60.08,54.76,True,2.33,2.67,3.0,8.0,3.0,1.5,84.92,0.78,entropy,True,3.0
520,pansy,coyly,2.0,3.0,3.0,2.0,35.73,54.76,True,2.4,2.6,8.0,0.0,34.0,42.75,90.95,0.61,entropy,True,5.0
521,pansy,sooty,2.0,3.0,3.0,2.0,41.97,54.76,True,2.33,2.67,4.0,3.0,7.0,16.0,84.92,0.78,entropy,True,3.0
522,pansy,terra,2.0,3.0,2.0,3.0,78.83,54.76,True,2.0,3.0,3.0,11.0,15.0,90.0,88.69,0.69,entropy,True,4.0
523,pansy,canoe,2.0,3.0,3.0,2.0,84.04,54.76,True,2.5,2.5,2.0,0.0,3.0,16.0,77.38,0.87,entropy,True,2.0
524,pansy,grant,2.0,3.0,1.0,4.0,68.56,54.76,True,1.67,3.33,1.0,6.0,8.0,38.0,84.92,0.78,entropy,True,3.0
525,pansy,spasm,2.0,3.0,1.0,4.0,34.71,54.76,True,1.33,3.67,3.0,5.0,6.0,2.0,84.92,0.78,entropy,True,3.0
526,pansy,utile,2.0,3.0,3.0,2.0,78.35,54.76,True,2.67,2.33,0.0,3.0,12.0,244.0,84.92,0.78,entropy,True,3.0
527,pansy,trump,2.0,3.0,1.0,4.0,47.77,54.76,True,1.67,3.33,2.0,3.0,10.0,25.5,84.92,0.78,entropy,True,3.0
528,pansy,agile,2.0,3.0,3.0,2.0,80.94,54.76,True,2.33,2.67,1.0,4.0,10.0,135.0,84.92,0.78,entropy,True,3.0
529,pansy,ninny,2.0,3.0,2.0,3.0,15.0,54.76,True,2.17,2.83,13.0,0.0,38.0,5.4,92.46,0.52,entropy,True,6.0
530,pansy,dread,2.0,3.0,2.0,3.0,68.91,54.76,True,2.0,3.0,8.0,10.0,27.0,70.25,90.95,0.61,entropy,True,5.0
531,pansy,showy,2.0,3.0,2.0,3.0,37.61,54.76,True,2.0,3.0,4.0,2.0,8.0,16.5,84.92,0.78,entropy,True,3.0
532,pansy,wreck,2.0,3.0,1.0,4.0,54.45,54.76,True,2.0,3.0,0.0,7.0,23.0,167.33,88.69,0.69,entropy,True,4.0
533,pansy,niece,2.0,3.0,3.0,2.0,52.85,54.76,True,2.33,2.67,4.0,31.0,39.0,34.6,92.46,0.52,entropy,True,6.0
534,pansy,assay,2.0,3.0,3.0,2.0,27.0,54.76,True,2.5,2.5,7.0,8.0,11.0,3.33,88.69,0.69,entropy,True,4.0
535,pansy,apron,2.0,3.0,2.0,3.0,71.02,54.76,True,2.0,3.0,0.0,3.0,2.0,2.0,77.38,0.87,entropy,True,2.0
536,pansy,taunt,2.0,3.0,2.0,3.0,46.81,54.76,True,2.0,3.0,25.0,15.0,72.0,7.62,94.97,0.26,entropy,False,9.0
537,pansy,billy,2.0,3.0,2.0,3.0,27.51,54.76,True,2.2,2.8,10.0,0.0,30.0,35.0,90.95,0.61,entropy,True,5.0
538,pansy,early,2.0,3.0,3.0,2.0,90.96,54.76,True,2.5,2.5,2.0,0.0,3.0,40.0,77.38,0.87,entropy,True,2.0
539,seize,berry,3.0,2.0,2.0,3.0,49.3,42.99,True,2.2,2.8,7.0,7.0,29.0,43.5,88.6,0.62,entropy,True,5.0
540,seize,glyph,3.0,2.0,1.0,4.0,30.82,42.99,True,1.75,3.25,1.0,1.0,25.0,202.0,85.75,0.7,entropy,True,4.0
541,seize,cacti,3.0,2.0,2.0,3.0,49.95,42.99,True,2.67,2.33,1.0,4.0,8.0,103.5,81.0,0.79,entropy,True,3.0
542,seize,along,3.0,2.0,2.0,3.0,64.0,42.99,True,2.33,2.67,1.0,1.0,11.0,287.5,81.0,0.79,entropy,True,3.0
543,seize,phony,3.0,2.0,2.0,3.0,39.72,42.99,True,2.25,2.75,1.0,4.0,22.0,206.33,85.75,0.7,entropy,True,4.0
544,seize,prank,3.0,2.0,1.0,4.0,54.96,42.99,True,2.0,3.0,0.0,13.0,33.0,155.5,88.6,0.62,entropy,True,5.0
545,seize,hoard,3.0,2.0,2.0,3.0,66.28,42.99,True,2.5,2.5,1.0,8.0,18.0,194.67,85.75,0.7,entropy,True,4.0
546,seize,rally,3.0,2.0,2.0,3.0,54.69,42.99,True,2.0,3.0,3.0,12.0,31.0,152.0,88.6,0.62,entropy,True,5.0
547,seize,pecan,3.0,2.0,2.0,3.0,72.66,42.99,True,2.33,2.67,3.0,3.0,8.0,76.0,81.0,0.79,entropy,True,3.0
548,seize,arrow,3.0,2.0,2.0,3.0,48.99,42.99,True,2.25,2.75,5.0,2.0,18.0,191.0,85.75,0.7,entropy,True,4.0
549,seize,grain,3.0,2.0,2.0,3.0,66.86,42.99,True,2.5,2.5,5.0,7.0,14.0,72.0,85.75,0.7,entropy,True,4.0
550,seize,pitch,3.0,2.0,1.0,4.0,43.44,42.99,True,2.0,3.0,5.0,5.0,16.0,72.67,85.75,0.7,entropy,True,4.0
551,seize,spell,3.0,2.0,1.0,4.0,54.01,42.99,True,1.75,3.25,4.0,10.0,13.0,20.0,85.75,0.7,entropy,True,4.0
552,seize,sandy,3.0,2.0,2.0,3.0,55.47,42.99,True,2.0,3.0,3.0,4.0,17.0,66.0,85.75,0.7,entropy,True,4.0
553,seize,bowel,3.0,2.0,2.0,3.0,59.46,42.99,True,2.2,2.8,6.0,14.0,27.0,67.5,88.6,0.62,entropy,True,5.0
554,seize,unmet,3.0,2.0,2.0,3.0,63.65,42.99,True,2.25,2.75,4.0,8.0,17.0,87.33,85.75,0.7,entropy,True,4.0
555,seize,pearl,3.0,2.0,2.0,3.0,89.33,42.99,True,2.33,2.67,3.0,4.0,7.0,75.0,81.0,0.79,entropy,True,3.0
556,seize,mushy,3.0,2.0,2.0,3.0,32.8,42.99,True,2.25,2.75,4.0,5.0,18.0,37.0,85.75,0.7,entropy,True,4.0
557,seize,laden,3.0,2.0,2.0,3.0,80.5,42.99,True,2.33,2.67,0.0,7.0,8.0,132.5,81.0,0.79,entropy,True,3.0
558,seize,sheet,3.0,2.0,2.0,3.0,54.96,42.99,True,2.25,2.75,7.0,6.0,13.0,20.67,85.75,0.7,entropy,True,4.0
559,seize,clash,3.0,2.0,1.0,4.0,61.13,42.99,True,2.0,3.0,2.0,2.0,9.0,55.5,81.0,0.79,entropy,True,3.0
560,seize,scram,3.0,2.0,1.0,4.0,64.34,42.99,True,1.8,3.2,10.0,3.0,23.0,44.0,88.6,0.62,entropy,True,5.0
561,seize,octal,3.0,2.0,2.0,3.0,73.51,42.99,True,2.33,2.67,2.0,2.0,9.0,285.5,81.0,0.79,entropy,True,3.0
562,seize,enema,3.0,2.0,3.0,2.0,57.11,42.99,True,2.8,2.2,4.0,16.0,27.0,66.25,88.6,0.62,entropy,True,5.0
563,seize,might,3.0,2.0,1.0,4.0,37.03,42.99,True,1.8,3.2,8.0,10.0,24.0,57.25,88.6,0.62,entropy,True,5.0
564,seize,cider,3.0,2.0,2.0,3.0,73.95,42.99,True,2.67,2.33,4.0,6.0,5.0,31.0,81.0,0.79,entropy,True,3.0
565,seize,qualm,3.0,2.0,2.0,3.0,39.72,42.99,True,2.25,2.75,1.0,4.0,22.0,205.0,85.75,0.7,entropy,True,4.0
566,seize,eaten,3.0,2.0,3.0,2.0,69.28,42.99,True,2.5,2.5,3.0,13.0,14.0,86.67,85.75,0.7,entropy,True,4.0
567,seize,slung,3.0,2.0,1.0,4.0,46.71,42.99,True,2.0,3.0,2.0,1.0,9.0,87.5,81.0,0.79,entropy,True,3.0
568,seize,piano,3.0,2.0,3.0,2.0,64.37,42.99,True,3.0,2.0,1.0,4.0,8.0,103.5,81.0,0.79,entropy,True,3.0
569,thick,yearn,1.0,4.0,3.0,2.0,86.7,38.73,True,2.25,2.75,4.0,6.0,20.0,253.33,84.68,0.71,entropy,True,4.0
570,thick,patsy,1.0,4.0,2.0,3.0,59.32,38.73,True,1.75,3.25,2.0,9.0,19.0,90.33,84.68,0.71,entropy,True,4.0
571,thick,dully,1.0,4.0,2.0,3.0,24.82,38.73,True,1.8,3.2,2.0,5.0,43.0,189.25,87.75,0.62,entropy,True,5.0
572,thick,sixty,1.0,4.0,2.0,3.0,40.61,38.73,True,2.0,3.0,3.0,8.0,18.0,24.67,84.68,0.71,entropy,True,4.0
573,thick,drove,1.0,4.0,2.0,3.0,66.83,38.73,True,2.0,3.0,7.0,0.0,20.0,244.67,84.68,0.71,entropy,True,4.0
574,thick,stray,1.0,4.0,2.0,3.0,74.97,38.73,True,1.75,3.25,1.0,13.0,16.0,88.0,84.68,0.71,entropy,True,4.0
575,thick,musky,1.0,4.0,2.0,3.0,27.51,38.73,True,2.0,3.0,7.0,9.0,31.0,15.0,87.75,0.62,entropy,True,5.0
576,thick,dicey,1.0,4.0,3.0,2.0,59.97,38.73,True,2.0,3.0,0.0,7.0,8.0,19.5,79.58,0.79,entropy,True,3.0
577,thick,scone,1.0,4.0,2.0,3.0,75.18,38.73,True,1.67,3.33,0.0,4.0,11.0,70.5,79.58,0.79,entropy,True,3.0
578,thick,lairy,1.0,4.0,3.0,2.0,74.5,38.73,True,2.33,2.67,3.0,1.0,10.0,62.0,79.58,0.79,entropy,True,3.0
579,thick,cargo,1.0,4.0,2.0,3.0,66.42,38.73,True,1.67,3.33,1.0,4.0,10.0,71.5,79.58,0.79,entropy,True,3.0
580,thick,queue,1.0,4.0,4.0,1.0,16.74,38.73,True,2.5,2.5,3.0,0.0,26.0,248.67,84.68,0.71,entropy,True,4.0
581,thick,spend,1.0,4.0,1.0,4.0,61.34,38.73,True,1.75,3.25,0.0,8.0,22.0,245.67,84.68,0.71,entropy,True,4.0
582,thick,sever,1.0,4.0,2.0,3.0,52.95,38.73,True,2.0,3.0,10.0,14.0,42.0,147.6,89.79,0.53,entropy,True,6.0
583,thick,parse,1.0,4.0,2.0,3.0,88.1,38.73,True,2.0,3.0,2.0,2.0,11.0,362.5,79.58,0.79,entropy,True,3.0
584,thick,alive,1.0,4.0,3.0,2.0,76.3,38.73,True,2.5,2.5,6.0,3.0,17.0,42.0,84.68,0.71,entropy,True,4.0
585,thick,sixty,1.0,4.0,2.0,3.0,40.61,38.73,True,2.0,3.0,3.0,8.0,18.0,24.67,84.68,0.71,entropy,True,4.0
586,thick,gulch,1.0,4.0,1.0,4.0,35.36,38.73,True,1.2,3.8,10.0,6.0,24.0,11.5,87.75,0.62,entropy,True,5.0
587,thick,macro,1.0,4.0,2.0,3.0,66.66,38.73,True,1.75,3.25,1.0,12.0,17.0,47.33,84.68,0.71,entropy,True,4.0
588,thick,abhor,1.0,4.0,2.0,3.0,62.97,38.73,True,1.67,3.33,0.0,4.0,11.0,44.5,79.58,0.79,entropy,True,3.0
589,thick,olden,1.0,4.0,2.0,3.0,73.95,38.73,True,2.0,3.0,0.0,2.0,13.0,374.0,79.58,0.79,entropy,True,3.0
590,thick,belie,1.0,4.0,3.0,2.0,51.31,38.73,True,2.33,2.67,1.0,4.0,10.0,97.5,79.58,0.79,entropy,True,3.0
591,thick,snuff,1.0,4.0,1.0,4.0,23.18,38.73,True,1.5,3.5,2.0,3.0,25.0,244.33,84.68,0.71,entropy,True,4.0
592,thick,chain,1.0,4.0,2.0,3.0,56.77,38.73,True,1.67,3.33,5.0,4.0,5.0,2.0,79.58,0.79,entropy,True,3.0
593,thick,hence,1.0,4.0,2.0,3.0,44.46,38.73,True,1.67,3.33,3.0,3.0,8.0,16.0,79.58,0.79,entropy,True,3.0
594,thick,llama,1.0,4.0,2.0,3.0,25.09,38.73,True,2.0,3.0,0.0,5.0,25.0,253.0,84.68,0.71,entropy,True,4.0
595,thick,slosh,1.0,4.0,1.0,4.0,40.57,38.73,True,1.25,3.75,5.0,5.0,18.0,29.33,84.68,0.71,entropy,True,4.0
596,thick,droit,1.0,4.0,2.0,3.0,67.41,38.73,True,2.0,3.0,1.0,6.0,8.0,32.0,79.58,0.79,entropy,True,3.0
597,thick,stole,1.0,4.0,2.0,3.0,86.91,38.73,True,1.67,3.33,0.0,5.0,10.0,131.0,79.58,0.79,entropy,True,3.0
598,thick,ember,1.0,4.0,2.0,3.0,46.16,38.73,True,2.0,3.0,2.0,10.0,38.0,191.75,87.75,0.62,entropy,True,5.0
599,marsh,blunt,1.0,4.0,1.0,4.0,47.43,61.75,True,1.33,3.67,1.0,2.0,12.0,199.5,87.25,0.77,entropy,True,3.0
600,marsh,sweat,1.0,4.0,2.0,3.0,78.01,61.75,True,1.67,3.33,3.0,5.0,7.0,29.5,87.25,0.77,entropy,True,3.0
601,marsh,jaunt,1.0,4.0,2.0,3.0,47.6,61.75,True,2.0,3.0,17.0,5.0,53.0,22.83,94.54,0.43,entropy,False,7.0
602,marsh,think,1.0,4.0,1.0,4.0,41.6,61.75,True,1.4,3.6,4.0,16.0,30.0,18.75,92.35,0.6,entropy,True,5.0
603,marsh,axiom,1.0,4.0,3.0,2.0,47.05,61.75,True,2.33,2.67,0.0,7.0,8.0,15.0,87.25,0.77,entropy,True,3.0
604,marsh,snide,1.0,4.0,2.0,3.0,70.3,61.75,True,1.75,3.25,4.0,5.0,19.0,59.33,90.44,0.69,entropy,True,4.0
605,marsh,shiny,1.0,4.0,2.0,3.0,46.37,61.75,True,1.67,3.33,0.0,6.0,9.0,18.0,87.25,0.77,entropy,True,3.0
606,marsh,cello,1.0,4.0,2.0,3.0,59.53,61.75,True,1.67,3.33,1.0,1.0,13.0,202.5,87.25,0.77,entropy,True,3.0
607,marsh,angst,1.0,4.0,1.0,4.0,62.05,61.75,True,1.33,3.67,3.0,3.0,8.0,10.5,87.25,0.77,entropy,True,3.0
608,marsh,retry,1.0,4.0,2.0,3.0,62.53,61.75,True,1.75,3.25,3.0,8.0,18.0,92.0,90.44,0.69,entropy,True,4.0
609,marsh,mower,1.0,4.0,2.0,3.0,65.84,61.75,True,1.67,3.33,2.0,5.0,7.0,5.5,87.25,0.77,entropy,True,3.0
610,marsh,etude,1.0,4.0,3.0,2.0,48.96,61.75,True,2.25,2.75,1.0,6.0,23.0,135.33,90.44,0.69,entropy,True,4.0
611,marsh,equip,1.0,4.0,3.0,2.0,47.39,61.75,True,2.25,2.75,0.0,6.0,24.0,136.33,90.44,0.69,entropy,True,4.0
612,marsh,broom,1.0,4.0,2.0,3.0,32.12,61.75,True,1.6,3.4,5.0,16.0,28.0,7.25,92.35,0.6,entropy,True,5.0
613,marsh,acute,1.0,4.0,3.0,2.0,80.19,61.75,True,2.33,2.67,2.0,3.0,10.0,96.0,87.25,0.77,entropy,True,3.0
614,marsh,edict,1.0,4.0,2.0,3.0,69.01,61.75,True,1.67,3.33,1.0,2.0,12.0,201.0,87.25,0.77,entropy,True,3.0
615,marsh,smash,1.0,4.0,1.0,4.0,35.29,61.75,True,1.0,4.0,2.0,2.0,1.0,1.0,80.88,0.86,entropy,True,2.0
616,marsh,anger,1.0,4.0,2.0,3.0,83.33,61.75,True,2.0,3.0,4.0,10.0,15.0,46.33,90.44,0.69,entropy,True,4.0
617,marsh,stall,1.0,4.0,1.0,4.0,57.18,61.75,True,1.33,3.67,3.0,5.0,7.0,29.5,87.25,0.77,entropy,True,3.0
618,marsh,sulky,1.0,4.0,2.0,3.0,39.31,61.75,True,1.5,3.5,2.0,6.0,21.0,56.33,90.44,0.69,entropy,True,4.0
619,marsh,union,1.0,4.0,3.0,2.0,38.56,61.75,True,2.0,3.0,1.0,1.0,13.0,201.5,87.25,0.77,entropy,True,3.0
620,marsh,nutty,1.0,4.0,2.0,3.0,30.51,61.75,True,1.75,3.25,2.0,5.0,23.0,133.67,90.44,0.69,entropy,True,4.0
621,marsh,sleek,1.0,4.0,2.0,3.0,49.34,61.75,True,1.75,3.25,3.0,8.0,18.0,55.0,90.44,0.69,entropy,True,4.0
622,marsh,scour,1.0,4.0,2.0,3.0,62.26,61.75,True,1.67,3.33,2.0,5.0,8.0,22.0,87.25,0.77,entropy,True,3.0
623,marsh,curly,1.0,4.0,2.0,3.0,53.73,61.75,True,1.67,3.33,2.0,1.0,11.0,25.5,87.25,0.77,entropy,True,3.0
624,marsh,waltz,1.0,4.0,1.0,4.0,44.12,61.75,True,2.0,3.0,3.0,1.0,23.0,47.0,90.44,0.69,entropy,True,4.0
625,marsh,moldy,1.0,4.0,2.0,3.0,42.62,61.75,True,1.67,3.33,3.0,1.0,10.0,13.0,87.25,0.77,entropy,True,3.0
626,marsh,blurt,1.0,4.0,1.0,4.0,57.01,61.75,True,1.25,3.75,3.0,7.0,20.0,92.67,90.44,0.69,entropy,True,4.0
627,marsh,dairy,1.0,4.0,3.0,2.0,64.92,61.75,True,2.25,2.75,3.0,8.0,16.0,19.33,90.44,0.69,entropy,True,4.0
628,marsh,worry,1.0,4.0,2.0,3.0,32.7,61.75,True,1.83,3.17,10.0,3.0,50.0,13.0,93.62,0.51,entropy,True,6.0
629,metal,enact,2.0,3.0,2.0,3.0,83.29,82.88,True,2.0,3.0,1.0,8.0,6.0,20.0,94.29,0.76,entropy,True,3.0
630,metal,inlay,2.0,3.0,3.0,2.0,64.95,82.88,True,2.33,2.67,3.0,2.0,9.0,7.0,94.29,0.76,entropy,True,3.0
631,metal,angle,2.0,3.0,2.0,3.0,78.04,82.88,True,2.33,2.67,3.0,6.0,6.0,23.0,94.29,0.76,entropy,True,3.0
632,metal,blunt,2.0,3.0,1.0,4.0,47.43,82.88,True,1.25,3.75,3.0,8.0,18.0,10.0,95.72,0.67,entropy,True,4.0
633,metal,spent,2.0,3.0,1.0,4.0,71.26,82.88,True,1.5,3.5,5.0,10.0,14.0,30.67,95.72,0.67,entropy,True,4.0
634,metal,drier,2.0,3.0,2.0,3.0,59.94,82.88,True,2.0,3.0,3.0,8.0,19.0,101.67,95.72,0.67,entropy,True,4.0
635,metal,album,2.0,3.0,2.0,3.0,47.15,82.88,True,2.33,2.67,0.0,9.0,6.0,6.0,94.29,0.76,entropy,True,3.0
636,metal,nadir,2.0,3.0,2.0,3.0,69.35,82.88,True,2.25,2.75,1.0,12.0,17.0,58.33,95.72,0.67,entropy,True,4.0
637,metal,steel,2.0,3.0,2.0,3.0,64.68,82.88,True,2.0,3.0,3.0,5.0,6.0,1.5,94.29,0.76,entropy,True,3.0
638,metal,tardy,2.0,3.0,2.0,3.0,66.62,82.88,True,2.0,3.0,2.0,13.0,15.0,30.67,95.72,0.67,entropy,True,4.0
639,metal,bless,2.0,3.0,1.0,4.0,51.41,82.88,True,1.6,3.4,4.0,21.0,24.0,20.25,96.58,0.58,entropy,True,5.0
640,metal,blurt,2.0,3.0,1.0,4.0,57.01,82.88,True,1.25,3.75,4.0,8.0,17.0,10.0,95.72,0.67,entropy,True,4.0
641,metal,goofy,2.0,3.0,3.0,2.0,16.37,82.88,True,2.25,2.75,2.0,1.0,26.0,91.67,95.72,0.67,entropy,True,4.0
642,metal,reply,2.0,3.0,2.0,3.0,73.03,82.88,True,2.0,3.0,3.0,3.0,8.0,11.5,94.29,0.76,entropy,True,3.0
643,metal,upper,2.0,3.0,2.0,3.0,53.19,82.88,True,2.0,3.0,4.0,12.0,33.0,77.5,96.58,0.58,entropy,True,5.0
644,metal,shape,2.0,3.0,2.0,3.0,73.07,82.88,True,2.33,2.67,10.0,21.0,34.0,25.2,97.15,0.5,entropy,True,6.0
645,metal,surge,2.0,3.0,2.0,3.0,71.39,82.88,True,2.0,3.0,2.0,3.0,10.0,134.5,94.29,0.76,entropy,True,3.0
646,metal,gipsy,2.0,3.0,2.0,3.0,37.98,82.88,True,1.67,3.33,0.0,1.0,14.0,136.5,94.29,0.76,entropy,True,3.0
647,metal,strut,2.0,3.0,1.0,4.0,47.49,82.88,True,1.33,3.67,2.0,3.0,10.0,76.0,94.29,0.76,entropy,True,3.0
648,metal,gloom,2.0,3.0,2.0,3.0,27.65,82.88,True,2.0,3.0,1.0,5.0,9.0,8.5,94.29,0.76,entropy,True,3.0
649,metal,clout,2.0,3.0,2.0,3.0,58.54,82.88,True,1.67,3.33,2.0,5.0,8.0,13.0,94.29,0.76,entropy,True,3.0
650,metal,leech,2.0,3.0,2.0,3.0,48.69,82.88,True,2.0,3.0,2.0,4.0,8.0,11.5,94.29,0.76,entropy,True,3.0
651,metal,enema,2.0,3.0,3.0,2.0,57.11,82.88,True,2.5,2.5,2.0,19.0,9.0,6.0,95.72,0.67,entropy,True,4.0
652,metal,algae,2.0,3.0,3.0,2.0,61.13,82.88,True,2.33,2.67,3.0,5.0,6.0,3.5,94.29,0.76,entropy,True,3.0
653,metal,deuce,2.0,3.0,3.0,2.0,41.49,82.88,True,2.5,2.5,4.0,1.0,22.0,27.33,95.72,0.67,entropy,True,4.0
654,metal,smell,2.0,3.0,1.0,4.0,52.51,82.88,True,1.67,3.33,3.0,5.0,6.0,1.5,94.29,0.76,entropy,True,3.0
655,metal,begun,2.0,3.0,2.0,3.0,50.15,82.88,True,2.0,3.0,3.0,0.0,11.0,36.0,94.29,0.76,entropy,True,3.0
656,metal,dwelt,2.0,3.0,1.0,4.0,62.05,82.88,True,1.5,3.5,4.0,13.0,12.0,7.67,95.72,0.67,entropy,True,4.0
657,metal,leper,2.0,3.0,2.0,3.0,60.55,82.88,True,2.25,2.75,4.0,9.0,14.0,9.0,95.72,0.67,entropy,True,4.0
658,metal,navel,2.0,3.0,2.0,3.0,73.41,82.88,True,2.0,3.0,4.0,5.0,5.0,5.0,94.29,0.76,entropy,True,3.0
659,eagle,today,3.0,2.0,3.0,2.0,62.39,61.13,True,2.67,2.33,1.0,4.0,8.0,97.0,87.04,0.77,entropy,True,3.0
660,eagle,naval,3.0,2.0,2.0,3.0,37.13,61.13,True,2.2,2.8,9.0,4.0,24.0,11.25,92.23,0.6,entropy,True,5.0
661,eagle,widow,3.0,2.0,2.0,3.0,25.13,61.13,True,2.25,2.75,0.0,4.0,23.0,151.33,90.28,0.69,entropy,True,4.0
662,eagle,carry,3.0,2.0,2.0,3.0,47.56,61.13,True,2.25,2.75,4.0,2.0,18.0,50.67,90.28,0.69,entropy,True,4.0
663,eagle,stint,3.0,2.0,1.0,4.0,43.95,61.13,True,1.5,3.5,5.0,2.0,18.0,147.0,90.28,0.69,entropy,True,4.0
664,eagle,broth,3.0,2.0,1.0,4.0,55.71,61.13,True,1.67,3.33,1.0,2.0,10.0,220.0,87.04,0.77,entropy,True,3.0
665,eagle,lodge,3.0,2.0,2.0,3.0,66.18,61.13,True,2.5,2.5,1.0,3.0,1.0,9.0,80.56,0.86,entropy,True,2.0
666,eagle,check,3.0,2.0,1.0,4.0,33.69,61.13,True,2.25,2.75,0.0,10.0,20.0,93.67,90.28,0.69,entropy,True,4.0
667,eagle,owing,3.0,2.0,2.0,3.0,39.58,61.13,True,2.25,2.75,0.0,15.0,12.0,22.33,90.28,0.69,entropy,True,4.0
668,eagle,otter,3.0,2.0,2.0,3.0,72.28,61.13,True,2.5,2.5,5.0,10.0,14.0,93.0,90.28,0.69,entropy,True,4.0
669,eagle,poker,3.0,2.0,2.0,3.0,67.78,61.13,True,2.29,2.71,12.0,21.0,53.0,55.33,94.45,0.43,entropy,False,7.0
670,eagle,sprig,3.0,2.0,1.0,4.0,51.96,61.13,True,2.0,3.0,1.0,4.0,8.0,31.5,87.04,0.77,entropy,True,3.0
671,eagle,pecan,3.0,2.0,2.0,3.0,72.66,61.13,True,2.33,2.67,1.0,8.0,6.0,41.5,87.04,0.77,entropy,True,3.0
672,eagle,panic,3.0,2.0,2.0,3.0,56.19,61.13,True,2.5,2.5,5.0,1.0,17.0,50.33,90.28,0.69,entropy,True,4.0
673,eagle,cease,3.0,2.0,3.0,2.0,64.81,61.13,True,2.75,2.25,7.0,8.0,11.0,23.33,90.28,0.69,entropy,True,4.0
674,eagle,spike,3.0,2.0,2.0,3.0,58.81,61.13,True,2.25,2.75,5.0,4.0,17.0,59.33,90.28,0.69,entropy,True,4.0
675,eagle,soapy,3.0,2.0,3.0,2.0,60.08,61.13,True,2.67,2.33,2.0,3.0,8.0,96.5,87.04,0.77,entropy,True,3.0
676,eagle,truce,3.0,2.0,2.0,3.0,77.87,61.13,True,2.25,2.75,6.0,7.0,14.0,57.67,90.28,0.69,entropy,True,4.0
677,eagle,waver,3.0,2.0,2.0,3.0,67.51,61.13,True,2.29,2.71,17.0,12.0,41.0,10.33,94.45,0.43,entropy,False,7.0
678,eagle,karma,3.0,2.0,2.0,3.0,36.55,61.13,True,2.25,2.75,4.0,3.0,17.0,50.0,90.28,0.69,entropy,True,4.0
679,eagle,shawl,3.0,2.0,1.0,4.0,52.81,61.13,True,1.75,3.25,3.0,11.0,12.0,35.0,90.28,0.69,entropy,True,4.0
680,eagle,eater,3.0,2.0,3.0,2.0,78.83,61.13,True,2.67,2.33,4.0,4.0,5.0,2.0,87.04,0.77,entropy,True,3.0
681,eagle,login,3.0,2.0,2.0,3.0,55.03,61.13,True,2.5,2.5,1.0,1.0,2.0,5.0,80.56,0.86,entropy,True,2.0
682,eagle,welch,3.0,2.0,1.0,4.0,54.42,61.13,True,1.6,3.4,4.0,24.0,22.0,22.0,92.23,0.6,entropy,True,5.0
683,eagle,cower,3.0,2.0,2.0,3.0,70.54,61.13,True,2.25,2.75,3.0,10.0,16.0,103.67,90.28,0.69,entropy,True,4.0
684,eagle,smell,3.0,2.0,1.0,4.0,52.51,61.13,True,1.5,3.5,7.0,6.0,12.0,9.0,90.28,0.69,entropy,True,4.0
685,eagle,stack,3.0,2.0,1.0,4.0,56.19,61.13,True,2.0,3.0,4.0,7.0,15.0,67.67,90.28,0.69,entropy,True,4.0
686,eagle,fluid,3.0,2.0,2.0,3.0,38.9,61.13,True,2.0,3.0,2.0,8.0,17.0,41.0,90.28,0.69,entropy,True,4.0
687,eagle,foggy,3.0,2.0,2.0,3.0,16.37,61.13,True,2.25,2.75,6.0,2.0,16.0,7.67,90.28,0.69,entropy,True,4.0
688,eagle,quasi,3.0,2.0,3.0,2.0,48.96,61.13,True,2.25,2.75,4.0,3.0,18.0,67.0,90.28,0.69,entropy,True,4.0
689,droit,union,2.0,3.0,3.0,2.0,38.56,67.41,True,2.75,2.25,4.0,10.0,15.0,10.0,91.85,0.68,entropy,True,4.0
690,droit,clerk,2.0,3.0,1.0,4.0,69.89,67.41,True,1.75,3.25,1.0,12.0,17.0,67.33,91.85,0.68,entropy,True,4.0
691,droit,bulge,2.0,3.0,2.0,3.0,54.42,67.41,True,2.0,3.0,4.0,3.0,22.0,129.0,91.85,0.68,entropy,True,4.0
692,droit,style,2.0,3.0,2.0,3.0,77.16,67.41,True,2.0,3.0,2.0,4.0,9.0,62.0,89.14,0.77,entropy,True,3.0
693,droit,venue,2.0,3.0,3.0,2.0,37.27,67.41,True,2.33,2.67,1.0,0.0,14.0,192.5,89.14,0.77,entropy,True,3.0
694,droit,ascot,2.0,3.0,2.0,3.0,72.28,67.41,True,2.0,3.0,2.0,4.0,8.0,10.0,89.14,0.77,entropy,True,3.0
695,droit,booze,2.0,3.0,3.0,2.0,33.75,67.41,True,2.6,2.4,7.0,1.0,33.0,24.5,93.48,0.6,entropy,True,5.0
696,droit,ashen,2.0,3.0,2.0,3.0,79.13,67.41,True,2.0,3.0,0.0,3.0,12.0,191.5,89.14,0.77,entropy,True,3.0
697,droit,throb,2.0,3.0,1.0,4.0,55.71,67.41,True,1.67,3.33,2.0,7.0,6.0,14.0,89.14,0.77,entropy,True,3.0
698,droit,piper,2.0,3.0,2.0,3.0,59.19,67.41,True,2.17,2.83,11.0,22.0,32.0,15.8,94.57,0.51,entropy,True,6.0
699,droit,knead,2.0,3.0,2.0,3.0,65.5,67.41,True,2.0,3.0,2.0,13.0,15.0,21.33,91.85,0.68,entropy,True,4.0
700,droit,overt,2.0,3.0,2.0,3.0,76.78,67.41,True,2.0,3.0,2.0,6.0,6.0,3.5,89.14,0.77,entropy,True,3.0
701,droit,juicy,2.0,3.0,3.0,2.0,26.73,67.41,True,2.75,2.25,2.0,6.0,22.0,57.33,91.85,0.68,entropy,True,4.0
702,droit,cluck,2.0,3.0,1.0,4.0,20.97,67.41,True,1.4,3.6,5.0,10.0,34.0,97.75,93.48,0.6,entropy,True,5.0
703,droit,fella,2.0,3.0,2.0,3.0,58.75,67.41,True,2.0,3.0,1.0,2.0,12.0,190.5,89.14,0.77,entropy,True,3.0
704,droit,award,2.0,3.0,2.0,3.0,38.32,67.41,True,1.8,3.2,6.0,17.0,24.0,6.5,93.48,0.6,entropy,True,5.0
705,droit,boozy,2.0,3.0,3.0,2.0,9.96,67.41,True,2.4,2.6,6.0,0.0,38.0,27.0,93.48,0.6,entropy,True,5.0
706,droit,cache,2.0,3.0,2.0,3.0,56.32,67.41,True,2.0,3.0,1.0,2.0,12.0,190.5,89.14,0.77,entropy,True,3.0
707,droit,unset,2.0,3.0,2.0,3.0,74.22,67.41,True,1.75,3.25,3.0,7.0,17.0,27.0,91.85,0.68,entropy,True,4.0
708,droit,elect,2.0,3.0,2.0,3.0,58.78,67.41,True,1.6,3.4,7.0,9.0,27.0,20.5,93.48,0.6,entropy,True,5.0
709,droit,baste,2.0,3.0,2.0,3.0,80.57,67.41,True,2.0,3.0,12.0,21.0,30.0,28.4,94.57,0.51,entropy,True,6.0
710,droit,lucid,2.0,3.0,2.0,3.0,46.2,67.41,True,2.33,2.67,2.0,3.0,9.0,9.5,89.14,0.77,entropy,True,3.0
711,droit,forum,2.0,3.0,2.0,3.0,44.39,67.41,True,2.0,3.0,3.0,16.0,28.0,26.5,93.48,0.6,entropy,True,5.0
712,droit,avian,2.0,3.0,3.0,2.0,35.77,67.41,True,2.5,2.5,3.0,6.0,20.0,55.0,91.85,0.68,entropy,True,4.0
713,droit,kinky,2.0,3.0,2.0,3.0,21.17,67.41,True,2.0,3.0,3.0,3.0,23.0,58.67,91.85,0.68,entropy,True,4.0
714,droit,patio,2.0,3.0,3.0,2.0,68.97,67.41,True,2.5,2.5,1.0,2.0,2.0,7.0,83.7,0.86,entropy,True,2.0
715,droit,bride,2.0,3.0,2.0,3.0,68.19,67.41,True,2.0,3.0,7.0,10.0,9.0,3.0,91.85,0.68,entropy,True,4.0
716,droit,overt,2.0,3.0,2.0,3.0,76.78,67.41,True,2.0,3.0,2.0,6.0,6.0,3.5,89.14,0.77,entropy,True,3.0
717,droit,stony,2.0,3.0,2.0,3.0,58.88,67.41,True,2.33,2.67,4.0,2.0,8.0,13.0,89.14,0.77,entropy,True,3.0
718,droit,spark,2.0,3.0,1.0,4.0,57.96,67.41,True,1.6,3.4,6.0,11.0,30.0,55.75,93.48,0.6,entropy,True,5.0
719,flock,grave,1.0,4.0,2.0,3.0,70.92,36.14,True,1.75,3.25,5.0,2.0,21.0,252.0,84.03,0.71,entropy,True,4.0
720,flock,brand,1.0,4.0,1.0,4.0,57.79,36.14,True,1.4,3.6,7.0,7.0,32.0,190.5,87.23,0.62,entropy,True,5.0
721,flock,satyr,1.0,4.0,2.0,3.0,74.97,36.14,True,1.67,3.33,1.0,3.0,11.0,374.0,78.71,0.8,entropy,True,3.0
722,flock,ardor,1.0,4.0,2.0,3.0,54.86,36.14,True,2.0,3.0,5.0,28.0,40.0,55.6,89.36,0.54,entropy,True,6.0
723,flock,oaken,1.0,4.0,3.0,2.0,76.17,36.14,True,2.0,3.0,0.0,2.0,3.0,6.0,68.07,0.88,entropy,True,2.0
724,flock,sooty,1.0,4.0,3.0,2.0,41.97,36.14,True,2.0,3.0,6.0,6.0,31.0,37.25,87.23,0.62,entropy,True,5.0
725,flock,libel,1.0,4.0,2.0,3.0,51.31,36.14,True,1.75,3.25,4.0,3.0,21.0,89.0,84.03,0.71,entropy,True,4.0
726,flock,rural,1.0,4.0,2.0,3.0,55.98,36.14,True,1.67,3.33,8.0,23.0,39.0,55.2,89.36,0.54,entropy,True,6.0
727,flock,trait,1.0,4.0,2.0,3.0,62.36,36.14,True,1.75,3.25,5.0,4.0,20.0,251.0,84.03,0.71,entropy,True,4.0
728,flock,heavy,1.0,4.0,3.0,2.0,59.26,36.14,True,2.25,2.75,5.0,2.0,22.0,250.33,84.03,0.71,entropy,True,4.0
729,flock,floss,1.0,4.0,1.0,4.0,35.87,36.14,True,1.4,3.6,12.0,0.0,20.0,4.25,87.23,0.62,entropy,True,5.0
730,flock,mover,1.0,4.0,2.0,3.0,64.61,36.14,True,2.0,3.0,11.0,31.0,51.0,48.67,90.88,0.45,entropy,False,7.0
731,flock,taboo,1.0,4.0,3.0,2.0,46.61,36.14,True,2.25,2.75,0.0,11.0,19.0,89.0,84.03,0.71,entropy,True,4.0
732,flock,brunt,1.0,4.0,1.0,4.0,52.74,36.14,True,1.2,3.8,7.0,6.0,34.0,190.5,87.23,0.62,entropy,True,5.0
733,flock,ethic,1.0,4.0,2.0,3.0,68.87,36.14,True,1.5,3.5,0.0,12.0,18.0,44.67,84.03,0.71,entropy,True,4.0
734,flock,nosey,1.0,4.0,3.0,2.0,73.64,36.14,True,2.5,2.5,2.0,9.0,19.0,90.33,84.03,0.71,entropy,True,4.0
735,flock,fiery,1.0,4.0,3.0,2.0,67.58,36.14,True,2.0,3.0,4.0,4.0,19.0,17.67,84.03,0.71,entropy,True,4.0
736,flock,snaky,1.0,4.0,2.0,3.0,50.05,36.14,True,1.67,3.33,0.0,4.0,11.0,23.0,78.71,0.8,entropy,True,3.0
737,flock,grime,1.0,4.0,2.0,3.0,66.83,36.14,True,2.0,3.0,7.0,3.0,35.0,195.25,87.23,0.62,entropy,True,5.0
738,flock,worry,1.0,4.0,2.0,3.0,32.7,36.14,True,2.0,3.0,8.0,12.0,48.0,51.8,89.36,0.54,entropy,True,6.0
739,flock,gripe,1.0,4.0,2.0,3.0,68.29,36.14,True,2.0,3.0,7.0,4.0,34.0,195.0,87.23,0.62,entropy,True,5.0
740,flock,drawn,1.0,4.0,1.0,4.0,55.23,36.14,True,1.5,3.5,5.0,2.0,22.0,253.33,84.03,0.71,entropy,True,4.0
741,flock,cheap,1.0,4.0,2.0,3.0,67.17,36.14,True,1.67,3.33,1.0,4.0,10.0,66.5,78.71,0.8,entropy,True,3.0
742,flock,dealt,1.0,4.0,2.0,3.0,85.1,36.14,True,1.8,3.2,2.0,27.0,21.0,67.5,87.23,0.62,entropy,True,5.0
743,flock,drink,1.0,4.0,1.0,4.0,46.71,36.14,True,1.33,3.67,2.0,0.0,12.0,18.0,78.71,0.8,entropy,True,3.0
744,flock,twirl,1.0,4.0,1.0,4.0,60.45,36.14,True,1.5,3.5,1.0,11.0,18.0,88.0,84.03,0.71,entropy,True,4.0
745,flock,spawn,1.0,4.0,1.0,4.0,47.97,36.14,True,1.6,3.4,6.0,1.0,37.0,189.75,87.23,0.62,entropy,True,5.0
746,flock,crush,1.0,4.0,1.0,4.0,51.45,36.14,True,1.25,3.75,5.0,3.0,20.0,45.67,84.03,0.71,entropy,True,4.0
747,flock,fleet,1.0,4.0,2.0,3.0,51.48,36.14,True,1.5,3.5,7.0,2.0,15.0,7.0,84.03,0.71,entropy,True,4.0
748,flock,mimic,1.0,4.0,2.0,3.0,9.0,36.14,True,1.75,3.25,3.0,5.0,22.0,46.0,84.03,0.71,entropy,True,4.0
749,legal,leapt,2.0,3.0,2.0,3.0,84.35,61.13,True,2.0,3.0,9.0,6.0,8.0,6.33,90.28,0.69,entropy,True,4.0
750,legal,gully,2.0,3.0,2.0,3.0,22.37,61.13,True,2.0,3.0,2.0,7.0,6.0,10.0,87.04,0.77,entropy,True,3.0
751,legal,plier,2.0,3.0,2.0,3.0,80.36,61.13,True,2.0,3.0,2.0,15.0,13.0,32.0,90.28,0.69,entropy,True,4.0
752,legal,count,2.0,3.0,2.0,3.0,54.31,61.13,True,1.75,3.25,4.0,4.0,18.0,148.0,90.28,0.69,entropy,True,4.0
753,legal,conic,2.0,3.0,2.0,3.0,38.8,61.13,True,1.75,3.25,1.0,5.0,21.0,150.0,90.28,0.69,entropy,True,4.0
754,legal,unmet,2.0,3.0,2.0,3.0,63.65,61.13,True,2.0,3.0,2.0,8.0,17.0,125.33,90.28,0.69,entropy,True,4.0
755,legal,might,2.0,3.0,1.0,4.0,37.03,61.13,True,1.4,3.6,11.0,3.0,21.0,9.0,92.23,0.6,entropy,True,5.0
756,legal,flume,2.0,3.0,2.0,3.0,53.12,61.13,True,2.0,3.0,5.0,11.0,13.0,27.67,90.28,0.69,entropy,True,4.0
757,legal,smell,2.0,3.0,1.0,4.0,52.51,61.13,True,1.5,3.5,6.0,8.0,13.0,10.67,90.28,0.69,entropy,True,4.0
758,legal,smirk,2.0,3.0,1.0,4.0,47.49,61.13,True,1.25,3.75,6.0,0.0,19.0,146.67,90.28,0.69,entropy,True,4.0
759,legal,gamut,2.0,3.0,2.0,3.0,48.35,61.13,True,1.67,3.33,2.0,5.0,6.0,16.0,87.04,0.77,entropy,True,3.0
760,legal,trick,2.0,3.0,1.0,4.0,53.77,61.13,True,1.5,3.5,0.0,7.0,20.0,149.0,90.28,0.69,entropy,True,4.0
761,legal,fiber,2.0,3.0,2.0,3.0,63.35,61.13,True,2.0,3.0,9.0,13.0,39.0,84.8,93.52,0.51,entropy,True,6.0
762,legal,unity,2.0,3.0,3.0,2.0,50.32,61.13,True,2.0,3.0,1.0,1.0,11.0,219.0,87.04,0.77,entropy,True,3.0
763,legal,shunt,2.0,3.0,1.0,4.0,49.37,61.13,True,1.33,3.67,2.0,1.0,10.0,220.0,87.04,0.77,entropy,True,3.0
764,legal,whole,2.0,3.0,2.0,3.0,62.63,61.13,True,2.0,3.0,3.0,6.0,6.0,39.0,87.04,0.77,entropy,True,3.0
765,legal,coupe,2.0,3.0,3.0,2.0,63.01,61.13,True,2.5,2.5,2.0,7.0,17.0,123.33,90.28,0.69,entropy,True,4.0
766,legal,wooer,2.0,3.0,3.0,2.0,56.5,61.13,True,2.33,2.67,1.0,4.0,8.0,181.0,87.04,0.77,entropy,True,3.0
767,legal,civil,2.0,3.0,2.0,3.0,25.3,61.13,True,2.0,3.0,5.0,3.0,18.0,10.67,90.28,0.69,entropy,True,4.0
768,legal,nymph,2.0,3.0,1.0,4.0,26.8,61.13,True,1.5,3.5,1.0,3.0,23.0,153.33,90.28,0.69,entropy,True,4.0
769,legal,grate,2.0,3.0,2.0,3.0,87.93,61.13,True,2.0,3.0,0.0,3.0,1.0,25.0,80.56,0.86,entropy,True,2.0
770,legal,horse,2.0,3.0,2.0,3.0,82.13,61.13,True,2.25,2.75,4.0,10.0,12.0,122.0,90.28,0.69,entropy,True,4.0
771,legal,wharf,2.0,3.0,1.0,4.0,44.94,61.13,True,1.6,3.4,5.0,9.0,29.0,81.0,92.23,0.6,entropy,True,5.0
772,legal,chose,2.0,3.0,2.0,3.0,69.72,61.13,True,2.0,3.0,2.0,3.0,8.0,182.5,87.04,0.77,entropy,True,3.0
773,legal,trump,2.0,3.0,1.0,4.0,47.77,61.13,True,1.4,3.6,3.0,10.0,33.0,112.25,92.23,0.6,entropy,True,5.0
774,legal,sense,2.0,3.0,2.0,3.0,38.9,61.13,True,1.83,3.17,9.0,1.0,44.0,26.4,93.52,0.51,entropy,True,6.0
775,legal,foyer,2.0,3.0,3.0,2.0,70.0,61.13,True,2.17,2.83,5.0,28.0,35.0,81.6,93.52,0.51,entropy,True,6.0
776,legal,filly,2.0,3.0,2.0,3.0,25.98,61.13,True,1.83,3.17,9.0,14.0,45.0,29.6,93.52,0.51,entropy,True,6.0
777,legal,jiffy,2.0,3.0,2.0,3.0,5.63,61.13,True,1.8,3.2,2.0,2.0,41.0,118.5,92.23,0.6,entropy,True,5.0
778,legal,spell,2.0,3.0,1.0,4.0,54.01,61.13,True,1.67,3.33,2.0,5.0,7.0,15.0,87.04,0.77,entropy,True,3.0
779,heart,raspy,2.0,3.0,2.0,3.0,64.3,90.25,True,2.0,3.0,0.0,7.0,8.0,33.5,96.75,0.75,entropy,True,3.0
780,heart,triad,2.0,3.0,2.0,3.0,73.92,90.25,True,2.25,2.75,4.0,17.0,9.0,6.33,97.56,0.66,entropy,True,4.0
781,heart,spore,2.0,3.0,2.0,3.0,81.55,90.25,True,2.0,3.0,9.0,3.0,12.0,5.33,97.56,0.66,entropy,True,4.0
782,heart,caput,2.0,3.0,2.0,3.0,54.76,90.25,True,2.0,3.0,5.0,4.0,17.0,12.33,97.56,0.66,entropy,True,4.0
783,heart,spike,2.0,3.0,2.0,3.0,58.81,90.25,True,2.25,2.75,5.0,5.0,18.0,64.0,97.56,0.66,entropy,True,4.0
784,heart,gecko,2.0,3.0,2.0,3.0,53.63,90.25,True,2.0,3.0,2.0,1.0,11.0,27.0,96.75,0.75,entropy,True,3.0
785,heart,lunar,2.0,3.0,2.0,3.0,72.89,90.25,True,2.0,3.0,2.0,5.0,8.0,33.5,96.75,0.75,entropy,True,3.0
786,heart,sting,2.0,3.0,1.0,4.0,53.09,90.25,True,1.67,3.33,2.0,3.0,10.0,30.5,96.75,0.75,entropy,True,3.0
787,heart,abyss,2.0,3.0,2.0,3.0,35.25,90.25,True,2.0,3.0,3.0,7.0,20.0,51.33,97.56,0.66,entropy,True,4.0
788,heart,heart,2.0,3.0,2.0,3.0,90.25,90.25,True,2.0,3.0,0.0,0.0,0.0,,100.0,0.91,entropy,True,1.0
789,heart,glean,2.0,3.0,2.0,3.0,78.04,90.25,True,2.25,2.75,4.0,12.0,14.0,33.67,97.56,0.66,entropy,True,4.0
790,heart,verse,2.0,3.0,2.0,3.0,52.95,90.25,True,2.0,3.0,6.0,7.0,14.0,17.0,97.56,0.66,entropy,True,4.0
791,heart,missy,2.0,3.0,2.0,3.0,27.38,90.25,True,2.0,3.0,4.0,2.0,23.0,90.0,97.56,0.66,entropy,True,4.0
792,heart,dairy,2.0,3.0,3.0,2.0,64.92,90.25,True,2.67,2.33,5.0,2.0,7.0,8.0,96.75,0.75,entropy,True,3.0
793,heart,clout,2.0,3.0,2.0,3.0,58.54,90.25,True,2.0,3.0,2.0,2.0,10.0,25.0,96.75,0.75,entropy,True,3.0
794,heart,murky,2.0,3.0,2.0,3.0,34.06,90.25,True,2.2,2.8,7.0,7.0,31.0,29.5,98.05,0.58,entropy,True,5.0
795,heart,bound,2.0,3.0,2.0,3.0,38.6,90.25,True,2.0,3.0,9.0,3.0,32.0,69.5,98.05,0.58,entropy,True,5.0
796,heart,mucus,2.0,3.0,2.0,3.0,22.91,90.25,True,2.0,3.0,1.0,0.0,14.0,132.5,96.75,0.75,entropy,True,3.0
797,heart,depot,2.0,3.0,2.0,3.0,68.26,90.25,True,2.0,3.0,2.0,0.0,3.0,7.0,95.12,0.84,entropy,True,2.0
798,heart,mince,2.0,3.0,2.0,3.0,62.19,90.25,True,2.33,2.67,1.0,4.0,10.0,94.0,96.75,0.75,entropy,True,3.0
799,heart,chart,2.0,3.0,1.0,4.0,68.02,90.25,True,1.5,3.5,3.0,1.0,1.0,1.0,95.12,0.84,entropy,True,2.0
800,heart,trick,2.0,3.0,1.0,4.0,53.77,90.25,True,1.67,3.33,1.0,5.0,9.0,10.5,96.75,0.75,entropy,True,3.0
801,heart,tenet,2.0,3.0,2.0,3.0,40.5,90.25,True,2.0,3.0,6.0,0.0,18.0,4.0,97.56,0.66,entropy,True,4.0
802,heart,viral,2.0,3.0,2.0,3.0,66.48,90.25,True,2.0,3.0,1.0,6.0,8.0,35.0,96.75,0.75,entropy,True,3.0
803,heart,fetid,2.0,3.0,2.0,3.0,61.71,90.25,True,2.0,3.0,2.0,3.0,9.0,10.0,96.75,0.75,entropy,True,3.0
804,heart,dingy,2.0,3.0,2.0,3.0,35.7,90.25,True,2.0,3.0,1.0,1.0,13.0,134.5,96.75,0.75,entropy,True,3.0
805,heart,naval,2.0,3.0,2.0,3.0,37.13,90.25,True,2.0,3.0,2.0,9.0,18.0,52.0,97.56,0.66,entropy,True,4.0
806,heart,swept,2.0,3.0,1.0,4.0,60.08,90.25,True,1.5,3.5,5.0,7.0,15.0,13.67,97.56,0.66,entropy,True,4.0
807,heart,board,2.0,3.0,2.0,3.0,63.11,90.25,True,2.0,3.0,6.0,1.0,17.0,7.67,97.56,0.66,entropy,True,4.0
808,heart,mushy,2.0,3.0,2.0,3.0,32.8,90.25,True,2.0,3.0,5.0,7.0,17.0,20.33,97.56,0.66,entropy,True,4.0
809,posit,grind,2.0,3.0,1.0,4.0,49.68,60.14,True,2.0,3.0,4.0,5.0,20.0,69.67,90.03,0.69,entropy,True,4.0
810,posit,flame,2.0,3.0,2.0,3.0,68.09,60.14,True,2.0,3.0,8.0,6.0,31.0,115.5,92.03,0.6,entropy,True,5.0
811,posit,dance,2.0,3.0,2.0,3.0,73.37,60.14,True,2.0,3.0,0.0,3.0,12.0,228.0,86.71,0.77,entropy,True,3.0
812,posit,shaky,2.0,3.0,2.0,3.0,44.56,60.14,True,2.0,3.0,9.0,4.0,30.0,43.0,92.03,0.6,entropy,True,5.0
813,posit,essay,2.0,3.0,3.0,2.0,63.28,60.14,True,2.67,2.33,3.0,2.0,9.0,9.0,86.71,0.77,entropy,True,3.0
814,posit,sting,2.0,3.0,1.0,4.0,53.09,60.14,True,1.67,3.33,1.0,8.0,6.0,8.5,86.71,0.77,entropy,True,3.0
815,posit,foggy,2.0,3.0,2.0,3.0,16.37,60.14,True,2.4,2.6,6.0,1.0,36.0,48.25,92.03,0.6,entropy,True,5.0
816,posit,briar,2.0,3.0,2.0,3.0,49.1,60.14,True,2.5,2.5,2.0,7.0,20.0,67.33,90.03,0.69,entropy,True,4.0
817,posit,cried,2.0,3.0,2.0,3.0,73.95,60.14,True,2.33,2.67,2.0,2.0,11.0,101.5,86.71,0.77,entropy,True,3.0
818,posit,pupil,2.0,3.0,2.0,3.0,31.4,60.14,True,2.0,3.0,5.0,0.0,8.0,4.0,86.71,0.77,entropy,True,3.0
819,posit,gruff,2.0,3.0,1.0,4.0,21.92,60.14,True,1.5,3.5,2.0,2.0,26.0,152.33,90.03,0.69,entropy,True,4.0
820,posit,neigh,2.0,3.0,2.0,3.0,59.32,60.14,True,2.5,2.5,2.0,9.0,18.0,68.0,90.03,0.69,entropy,True,4.0
821,posit,bloom,2.0,3.0,2.0,3.0,26.8,60.14,True,2.2,2.8,6.0,4.0,34.0,44.25,92.03,0.6,entropy,True,5.0
822,posit,tough,2.0,3.0,2.0,3.0,43.91,60.14,True,2.25,2.75,7.0,5.0,14.0,13.0,90.03,0.69,entropy,True,4.0
823,posit,still,2.0,3.0,1.0,4.0,48.21,60.14,True,1.5,3.5,4.0,13.0,12.0,6.67,90.03,0.69,entropy,True,4.0
824,posit,tries,2.0,3.0,2.0,3.0,89.77,60.14,True,2.0,3.0,0.0,3.0,2.0,11.0,80.07,0.86,entropy,True,2.0
825,posit,mucky,2.0,3.0,2.0,3.0,21.62,60.14,True,2.0,3.0,3.0,0.0,27.0,153.33,90.03,0.69,entropy,True,4.0
826,posit,skier,2.0,3.0,2.0,3.0,74.43,60.14,True,2.33,2.67,1.0,7.0,7.0,26.5,86.71,0.77,entropy,True,3.0
827,posit,horny,2.0,3.0,2.0,3.0,55.34,60.14,True,2.0,3.0,6.0,0.0,20.0,51.67,90.03,0.69,entropy,True,4.0
828,posit,dwell,2.0,3.0,1.0,4.0,40.54,60.14,True,1.75,3.25,0.0,7.0,23.0,154.67,90.03,0.69,entropy,True,4.0
829,posit,vapid,2.0,3.0,2.0,3.0,41.29,60.14,True,2.0,3.0,5.0,2.0,7.0,3.5,86.71,0.77,entropy,True,3.0
830,posit,quoth,2.0,3.0,2.0,3.0,35.63,60.14,True,2.0,3.0,2.0,9.0,17.0,14.33,90.03,0.69,entropy,True,4.0
831,posit,spiny,2.0,3.0,2.0,3.0,45.79,60.14,True,2.0,3.0,3.0,6.0,6.0,9.5,86.71,0.77,entropy,True,3.0
832,posit,perky,2.0,3.0,2.0,3.0,58.03,60.14,True,1.8,3.2,6.0,10.0,28.0,13.5,92.03,0.6,entropy,True,5.0
833,posit,river,2.0,3.0,2.0,3.0,52.85,60.14,True,2.17,2.83,11.0,9.0,43.0,42.2,93.36,0.52,entropy,True,6.0
834,posit,threw,2.0,3.0,1.0,4.0,67.2,60.14,True,1.67,3.33,1.0,4.0,10.0,58.5,86.71,0.77,entropy,True,3.0
835,posit,sneer,2.0,3.0,2.0,3.0,65.36,60.14,True,2.0,3.0,2.0,4.0,9.0,78.5,86.71,0.77,entropy,True,3.0
836,posit,stage,2.0,3.0,2.0,3.0,81.42,60.14,True,2.0,3.0,8.0,6.0,12.0,19.0,90.03,0.69,entropy,True,4.0
837,posit,cross,2.0,3.0,1.0,4.0,48.48,60.14,True,1.75,3.25,6.0,6.0,15.0,17.0,90.03,0.69,entropy,True,4.0
838,posit,sewer,2.0,3.0,2.0,3.0,54.18,60.14,True,2.0,3.0,3.0,8.0,18.0,55.0,90.03,0.69,entropy,True,4.0
839,neigh,daisy,2.0,3.0,3.0,2.0,58.37,59.32,True,2.33,2.67,2.0,1.0,11.0,40.5,86.44,0.78,entropy,True,3.0
840,neigh,micro,2.0,3.0,2.0,3.0,57.69,59.32,True,2.33,2.67,1.0,4.0,10.0,69.5,86.44,0.78,entropy,True,3.0
841,neigh,rarer,2.0,3.0,2.0,3.0,57.31,59.32,True,2.0,3.0,2.0,10.0,18.0,129.0,89.83,0.69,entropy,True,4.0
842,neigh,usurp,2.0,3.0,2.0,3.0,36.82,59.32,True,2.0,3.0,0.0,7.0,23.0,149.33,89.83,0.69,entropy,True,4.0
843,neigh,evade,2.0,3.0,3.0,2.0,46.91,59.32,True,2.5,2.5,1.0,8.0,21.0,126.0,89.83,0.69,entropy,True,4.0
844,neigh,sugar,2.0,3.0,2.0,3.0,63.89,59.32,True,2.0,3.0,1.0,3.0,11.0,22.0,86.44,0.78,entropy,True,3.0
845,neigh,quest,2.0,3.0,2.0,3.0,58.17,59.32,True,1.75,3.25,4.0,4.0,20.0,123.0,89.83,0.69,entropy,True,4.0
846,neigh,renal,2.0,3.0,2.0,3.0,95.4,59.32,True,2.0,3.0,2.0,6.0,6.0,14.5,86.44,0.78,entropy,True,3.0
847,neigh,wrath,2.0,3.0,1.0,4.0,59.7,59.32,True,1.33,3.67,4.0,1.0,9.0,35.0,86.44,0.78,entropy,True,3.0
848,neigh,first,2.0,3.0,1.0,4.0,60.25,59.32,True,2.0,3.0,0.0,5.0,10.0,70.0,86.44,0.78,entropy,True,3.0
849,neigh,swell,2.0,3.0,1.0,4.0,48.89,59.32,True,1.4,3.6,9.0,7.0,28.0,92.75,91.86,0.6,entropy,True,5.0
850,neigh,camel,2.0,3.0,2.0,3.0,75.38,59.32,True,2.0,3.0,0.0,13.0,17.0,126.33,89.83,0.69,entropy,True,4.0
851,neigh,alone,2.0,3.0,3.0,2.0,91.17,59.32,True,2.5,2.5,5.0,10.0,14.0,30.67,89.83,0.69,entropy,True,4.0
852,neigh,crust,2.0,3.0,1.0,4.0,61.54,59.32,True,1.67,3.33,2.0,1.0,12.0,222.5,86.44,0.78,entropy,True,3.0
853,neigh,ratio,2.0,3.0,3.0,2.0,84.59,59.32,True,2.5,2.5,0.0,1.0,4.0,138.0,79.66,0.86,entropy,True,2.0
854,neigh,whale,2.0,3.0,2.0,3.0,69.14,59.32,True,2.0,3.0,4.0,12.0,14.0,27.67,89.83,0.69,entropy,True,4.0
855,neigh,setup,2.0,3.0,2.0,3.0,68.16,59.32,True,2.0,3.0,3.0,7.0,17.0,44.33,89.83,0.69,entropy,True,4.0
856,neigh,pecan,2.0,3.0,2.0,3.0,72.66,59.32,True,2.0,3.0,6.0,5.0,15.0,10.33,89.83,0.69,entropy,True,4.0
857,neigh,tread,2.0,3.0,2.0,3.0,90.39,59.32,True,2.0,3.0,1.0,5.0,9.0,182.0,86.44,0.78,entropy,True,3.0
858,neigh,gusto,2.0,3.0,2.0,3.0,52.4,59.32,True,2.0,3.0,1.0,4.0,10.0,22.0,86.44,0.78,entropy,True,3.0
859,neigh,bowel,2.0,3.0,2.0,3.0,59.46,59.32,True,2.2,2.8,4.0,14.0,31.0,95.25,91.86,0.6,entropy,True,5.0
860,neigh,among,2.0,3.0,2.0,3.0,52.2,59.32,True,2.0,3.0,4.0,14.0,12.0,10.67,89.83,0.69,entropy,True,4.0
861,neigh,gusto,2.0,3.0,2.0,3.0,52.4,59.32,True,2.0,3.0,1.0,4.0,10.0,22.0,86.44,0.78,entropy,True,3.0
862,neigh,banal,2.0,3.0,2.0,3.0,40.91,59.32,True,1.83,3.17,6.0,24.0,43.0,32.2,93.22,0.52,entropy,True,6.0
863,neigh,stout,2.0,3.0,2.0,3.0,43.27,59.32,True,2.0,3.0,9.0,6.0,29.0,111.75,91.86,0.6,entropy,True,5.0
864,neigh,teach,2.0,3.0,2.0,3.0,77.84,59.32,True,2.0,3.0,9.0,0.0,14.0,9.33,89.83,0.69,entropy,True,4.0
865,neigh,green,2.0,3.0,2.0,3.0,54.55,59.32,True,2.0,3.0,1.0,9.0,5.0,4.5,86.44,0.78,entropy,True,3.0
866,neigh,notch,2.0,3.0,1.0,4.0,51.93,59.32,True,1.33,3.67,5.0,1.0,7.0,2.0,86.44,0.78,entropy,True,3.0
867,neigh,trove,2.0,3.0,2.0,3.0,76.78,59.32,True,2.2,2.8,5.0,19.0,25.0,95.25,91.86,0.6,entropy,True,5.0
868,neigh,poker,2.0,3.0,2.0,3.0,67.78,59.32,True,2.33,2.67,7.0,19.0,44.0,86.8,93.22,0.52,entropy,True,6.0
869,gamma,whisk,2.0,3.0,1.0,4.0,28.84,13.02,True,1.5,3.5,1.0,3.0,20.0,359.0,78.25,0.73,entropy,True,4.0
870,gamma,chute,2.0,3.0,2.0,3.0,62.87,13.02,True,2.0,3.0,2.0,3.0,18.0,360.0,78.25,0.73,entropy,True,4.0
871,gamma,marry,2.0,3.0,2.0,3.0,42.86,13.02,True,2.0,3.0,3.0,7.0,4.0,13.0,71.01,0.82,entropy,True,3.0
872,gamma,lowly,2.0,3.0,2.0,3.0,27.41,13.02,True,2.0,3.0,8.0,5.0,45.0,222.0,85.5,0.56,entropy,True,6.0
873,gamma,brave,2.0,3.0,2.0,3.0,70.06,13.02,True,2.14,2.86,13.0,29.0,39.0,76.0,87.57,0.47,entropy,False,7.0
874,gamma,sleep,2.0,3.0,2.0,3.0,54.01,13.02,True,2.0,3.0,3.0,4.0,16.0,360.33,78.25,0.73,entropy,True,4.0
875,gamma,chili,2.0,3.0,2.0,3.0,32.22,13.02,True,1.67,3.33,6.0,12.0,45.0,230.2,85.5,0.56,entropy,True,6.0
876,gamma,biddy,2.0,3.0,2.0,3.0,17.93,13.02,True,2.0,3.0,3.0,4.0,35.0,286.25,82.6,0.64,entropy,True,5.0
877,gamma,decoy,2.0,3.0,3.0,2.0,62.43,13.02,True,2.25,2.75,0.0,7.0,17.0,362.0,78.25,0.73,entropy,True,4.0
878,gamma,bowel,2.0,3.0,2.0,3.0,59.46,13.02,True,2.0,3.0,4.0,10.0,27.0,272.25,82.6,0.64,entropy,True,5.0
879,gamma,krill,2.0,3.0,1.0,4.0,39.38,13.02,True,1.5,3.5,8.0,13.0,40.0,218.2,85.5,0.56,entropy,True,6.0
880,gamma,canon,2.0,3.0,2.0,3.0,47.77,13.02,True,2.0,3.0,4.0,3.0,17.0,87.33,78.25,0.73,entropy,True,4.0
881,gamma,clack,2.0,3.0,1.0,4.0,35.94,13.02,True,1.5,3.5,11.0,14.0,34.0,91.4,85.5,0.56,entropy,True,6.0
882,gamma,aware,2.0,3.0,3.0,2.0,63.04,13.02,True,2.67,2.33,11.0,14.0,30.0,87.6,85.5,0.56,entropy,True,6.0
883,gamma,foggy,2.0,3.0,2.0,3.0,16.37,13.02,True,2.0,3.0,5.0,3.0,15.0,39.67,78.25,0.73,entropy,True,4.0
884,gamma,smile,2.0,3.0,2.0,3.0,72.32,13.02,True,2.0,3.0,0.0,6.0,7.0,47.5,71.01,0.82,entropy,True,3.0
885,gamma,rarer,2.0,3.0,2.0,3.0,57.31,13.02,True,2.0,3.0,16.0,6.0,42.0,42.17,87.57,0.47,entropy,False,7.0
886,gamma,foray,2.0,3.0,3.0,2.0,62.5,13.02,True,2.25,2.75,2.0,11.0,14.0,154.33,78.25,0.73,entropy,True,4.0
887,gamma,valor,2.0,3.0,2.0,3.0,68.91,13.02,True,2.0,3.0,3.0,3.0,6.0,113.0,71.01,0.82,entropy,True,3.0
888,gamma,welsh,2.0,3.0,1.0,4.0,60.31,13.02,True,1.6,3.4,2.0,12.0,28.0,268.0,82.6,0.64,entropy,True,5.0
889,gamma,basis,2.0,3.0,2.0,3.0,42.58,13.02,True,2.0,3.0,10.0,4.0,23.0,66.0,82.6,0.64,entropy,True,5.0
890,gamma,woody,2.0,3.0,3.0,2.0,17.83,13.02,True,2.25,2.75,2.0,1.0,20.0,362.0,78.25,0.73,entropy,True,4.0
891,gamma,adept,2.0,3.0,2.0,3.0,74.77,13.02,True,2.0,3.0,3.0,4.0,6.0,214.5,71.01,0.82,entropy,True,3.0
892,gamma,probe,2.0,3.0,2.0,3.0,69.89,13.02,True,2.0,3.0,5.0,2.0,15.0,358.67,78.25,0.73,entropy,True,4.0
893,gamma,revel,2.0,3.0,2.0,3.0,54.18,13.02,True,2.0,3.0,11.0,21.0,50.0,191.5,87.57,0.47,entropy,False,7.0
894,gamma,mulch,2.0,3.0,1.0,4.0,35.56,13.02,True,1.75,3.25,2.0,7.0,17.0,34.67,78.25,0.73,entropy,True,4.0
895,gamma,adobe,2.0,3.0,3.0,2.0,72.93,13.02,True,2.5,2.5,3.0,9.0,14.0,147.67,78.25,0.73,entropy,True,4.0
896,gamma,split,2.0,3.0,1.0,4.0,59.05,13.02,True,1.5,3.5,4.0,4.0,15.0,356.33,78.25,0.73,entropy,True,4.0
897,gamma,whoop,2.0,3.0,2.0,3.0,16.02,13.02,True,2.0,3.0,4.0,1.0,34.0,273.0,82.6,0.64,entropy,True,5.0
898,gamma,carat,2.0,3.0,2.0,3.0,56.6,13.02,True,2.0,3.0,4.0,8.0,12.0,77.0,78.25,0.73,entropy,True,4.0
